display_count,target_notation,response_notation,numeric_value,kind,trials,method,p12,p12_ci_low,p12_ci_high,p24,p24_ci_low,p24_ci_high
2,qk,kkt113,1313,composite,10000,Monte Carlo,0.0363,0.032808611118288936,0.040147508970676524,0.5584,0.5486466728879363,0.5681084761023686
2,qk,kkt1k,1313,composite,10000,Monte Carlo,0.0278,0.024754675024605585,0.031207973036661382,0.3725,0.3630748046205799,0.38202311496394253
2,qk,kq2541,1312,composite,10000,Monte Carlo,0.1195,0.11328800151166359,0.1260042212484213,0.8171,0.8094017931321401,0.8245546751011769
2,qk,kq24241,1312,composite,10000,Monte Carlo,0.0216,0.018929067542718933,0.02463834209834443,0.5767,0.5669885310083982,0.5863525636415401
2,qk,kq232241,1312,composite,10000,Monte Carlo,0.0053,0.004054522887776702,0.006925405100170722,0.4065,0.3969107351738438,0.4161610725214726
2,qk,kq222241,1312,composite,10000,Monte Carlo,0.0011,0.0006143506542303221,0.0019688029200307855,0.164,0.15687200204810384,0.17138604485699085
2,qk,kj32319,1311,composite,10000,Monte Carlo,0.0441,0.04024788569805465,0.04830224401632825,0.7051,0.6960852184224987,0.7139572654458496
2,qk,kt13125,1310,composite,10000,Monte Carlo,0.0488,0.04474778133939989,0.05319873879029866,0.7108,0.7018340912580964,0.7196040150288264
2,qk,ktk125,1310,composite,10000,Monte Carlo,0.0642,0.05956130891199606,0.06917338406788566,0.6629,0.6535738853963794,0.6721010079344542
2,tk,qk,1213,prime,10000,Monte Carlo,0.579,0.5692947491883751,0.588644579069058,0.9427,0.9379724577288768,0.9470875501137259
2,tk,kkt113,1313,composite,10000,Monte Carlo,0.0298,0.026643679348360923,0.03331743271942335,0.5281,0.518306750847127,0.537871668444441
2,tk,kkt1k,1313,composite,10000,Monte Carlo,0.024,0.0211780889734631,0.027187477475421017,0.347,0.3377306208244135,0.35638688267701335
2,tk,kq2541,1312,composite,10000,Monte Carlo,0.1389,0.1322601634838601,0.14581716013944251,0.85,0.8428671825013008,0.8568640186392256
2,tk,kq24241,1312,composite,10000,Monte Carlo,0.0261,0.023152457773687764,0.02941149588203951,0.6005,0.5908633561501586,0.6100594601773355
2,tk,kq232241,1312,composite,10000,Monte Carlo,0.0077,0.006165744043271591,0.009612340752496585,0.442,0.43229045202492355,0.45175409178607484
2,tk,kq222241,1312,composite,10000,Monte Carlo,0.0014,0.000834162028874972,0.002348761146363729,0.1817,0.1742651254285571,0.18937932793421558
2,tk,kj32319,1311,composite,10000,Monte Carlo,0.0465,0.042544258319017675,0.05080402820318598,0.7112,0.7022375846825748,0.7200002144056514
2,tk,kt13125,1310,composite,10000,Monte Carlo,0.0395,0.03585582726190139,0.04349783523749174,0.69,0.6808637862248538,0.6989902943942891
2,tk,ktk125,1310,composite,10000,Monte Carlo,0.0554,0.051084735868163686,0.06005671548304192,0.6358,0.6263180729462055,0.6451776330963188
3,kkj,kkk37371313,131313,composite,10000,Monte Carlo,0.0,0,0.00038399837067659573,0.0035,0.0025177785056224875,0.004863531876459371
3,kkj,kkk3737132,131313,composite,10000,Monte Carlo,0.0,0,0.00038399837067659573,0.0324,0.029105268930244343,0.0360538463460124
3,kkj,kkk3737k2,131313,composite,10000,Monte Carlo,0.0,0,0.00038399837067659573,0.0103,0.008500632273877465,0.012475455730363192
3,kkj,kkk373713k,131313,composite,10000,Monte Carlo,0.0,0,0.00038399837067659573,0.0031,0.002184864524503692,0.004396753056274708
3,kkj,kkq2429283,131312,composite,10000,Monte Carlo,0.0003,0.00010203219941781012,0.0008817357722363795,0.1865,0.17898665170277442,0.19425411527563977
3,kkj,kkq23229283,131312,composite,10000,Monte Carlo,0.0,0,0.00038399837067659573,0.0374,0.033855276482213766,0.04129999881033621
3,kqk,kkj,131311,prime,10000,Monte Carlo,0.1602,0.15314169866306557,0.16751926662964625,0.613,0.6034120704622715,0.6225011459059556
3,kqk,kkk37371313,131313,composite,10000,Monte Carlo,0.0,0,0.00038399837067659573,0.0043,0.003194074401536842,0.005786621583151935
3,kqk,kkk3737132,131313,composite,10000,Monte Carlo,0.0,0,0.00038399837067659573,0.0351,0.03166782524897386,0.038889216436081224
3,kqk,kkk3737k2,131313,composite,10000,Monte Carlo,0.0,0,0.00038399837067659573,0.0101,0.008319720104246149,0.012256521499342778
3,kqk,kkk373713k,131313,composite,10000,Monte Carlo,0.0,0,0.00038399837067659573,0.0031,0.002184864524503692,0.004396753056274708
3,kqk,kkq2429283,131312,composite,10000,Monte Carlo,0.0004,0.00015556283662307484,0.0010281283353569795,0.1723,0.16502456049471667,0.17982711203742477
3,kqk,kkq23229283,131312,composite,10000,Monte Carlo,0.0,0,0.00038399837067659573,0.035,0.031572809892695966,0.03878430859203326
3,kjj,kkj,131311,prime,10000,Monte Carlo,0.1701,0.162863016333118,0.1775903457918544,0.686,0.6768335289484931,0.6950236236576152
3,kjj,kqk,131213,prime,10000,Monte Carlo,0.234,0.2258051659685976,0.24239912116460235,0.7615,0.7530478778116426,0.7697512910404934
3,kjj,kkk37371313,131313,composite,10000,Monte Carlo,0.0,0,0.00038399837067659573,0.0158,0.013535241574453728,0.01843662244770949
3,kjj,kkk3737132,131313,composite,10000,Monte Carlo,0.0,0,0.00038399837067659573,0.0859,0.08056562730265948,0.09155240014793489
3,kjj,kkk3737k2,131313,composite,10000,Monte Carlo,0.0,0,0.00038399837067659573,0.0442,0.0403435047015169,0.048406548213191875
3,kjj,kkk373713k,131313,composite,10000,Monte Carlo,0.0,0,0.00038399837067659573,0.0172,0.014830880567997445,0.01993990825872787
3,kjj,kkq2429283,131312,composite,10000,Monte Carlo,0.0006,0.0002750134763309977,0.001308524096300786,0.2806,0.2718795682833029,0.28948893020175
3,kjj,kkq23229283,131312,composite,10000,Monte Carlo,0.0001,1.765267360112231e-05,0.0005662688974013381,0.0697,0.06487259088742876,0.07485787811037552
3,ktj,kkj,131311,prime,10000,Monte Carlo,0.2137,0.20577649490250466,0.22184338256454472,0.7383,0.7295944411260875,0.746822545250448
3,ktj,kqk,131213,prime,10000,Monte Carlo,0.239,0.23074251549027605,0.24745793165921706,0.7661,0.7577020713791311,0.7742935646879947
3,ktj,kjj,131111,prime,10000,Monte Carlo,0.2149,0.20695966932395457,0.22305928654700521,0.7376,0.7288872908142023,0.7461302331600521
3,ktj,kkk37371313,131313,composite,10000,Monte Carlo,0.0,0,0.00038399837067659573,0.0156,0.013350536779147534,0.018221480842363948
3,ktj,kkk3737132,131313,composite,10000,Monte Carlo,0.0001,1.765267360112231e-05,0.0005662688974013381,0.0875,0.08211899861521053,0.09319780004059765
3,ktj,kkk3737k2,131313,composite,10000,Monte Carlo,0.0001,1.765267360112231e-05,0.0005662688974013381,0.0512,0.04704986366401762,0.05569481327350168
3,ktj,kkk373713k,131313,composite,10000,Monte Carlo,0.0,0,0.00038399837067659573,0.0185,0.016037871857846654,0.021331918573114905
3,ktj,kkq2429283,131312,composite,10000,Monte Carlo,0.0002,5.484892732085777e-05,0.0007289958440074673,0.2861,0.2773256604630573,0.29503861403991816
3,ktj,kkq23229283,131312,composite,10000,Monte Carlo,0.0,0,0.00038399837067659573,0.0747,0.06970884029045543,0.0800177887236421
3,qtk,kkj,131311,prime,10000,Monte Carlo,0.2391,0.23084127869113272,0.2475590916586863,0.7618,0.753351371082779,0.7700475673703346
3,qtk,kqk,131213,prime,10000,Monte Carlo,0.2087,0.20084771041303773,0.21677600703771843,0.7364,0.7276750986497108,0.7449433469206334
3,qtk,kjj,131111,prime,10000,Monte Carlo,0.2833,0.2745529021617945,0.2922135227320566,0.8326,0.8251553876558161,0.8397891766280098
3,qtk,ktj,131011,prime,10000,Monte Carlo,0.3931,0.38356957649300133,0.40271252235864924,0.9058,0.8999179648441304,0.9113703820782284
3,qtk,kkk37371313,131313,composite,10000,Monte Carlo,0.0,0,0.00038399837067659573,0.0163,0.013997437725809895,0.018974042297982642
3,qtk,kkk3737132,131313,composite,10000,Monte Carlo,0.0,0,0.00038399837067659573,0.0841,0.07881876556228841,0.08970064428244036
3,qtk,kkk3737k2,131313,composite,10000,Monte Carlo,0.0,0,0.00038399837067659573,0.0482,0.044172692916622396,0.05257428801112097
3,qtk,kkk373713k,131313,composite,10000,Monte Carlo,0.0,0,0.00038399837067659573,0.0186,0.016130861024283946,0.021438852607003477
3,qtk,kkq2429283,131312,composite,10000,Monte Carlo,0.0005,0.00021358842616382576,0.0011700259461420934,0.2602,0.2516940240606174,0.26889014155795893
3,qtk,kkq23229283,131312,composite,10000,Monte Carlo,0.0,0,0.00038399837067659573,0.0633,0.0586931158487559,0.06824226832819304
4,kjqj,kjqk89179823,13111213,composite,10000,Monte Carlo,0.0001,1.765267360112231e-05,0.0005662688974013381,0.3802,0.37073335095767973,0.38975865505193424
4,kjqj,kjkq24819457,13111312,composite,10000,Monte Carlo,0.0,0,0.00038399837067659573,0.4821,0.47231521370147805,0.491898533440192
4,kjqj,kjkq223819457,13111312,composite,10000,Monte Carlo,0.0,0,0.00038399837067659573,0.4511,0.44136779169731954,0.4608697633433325
4,kjqj,kjkj3192373137,13111311,composite,10000,Monte Carlo,0.0,0,0.00038399837067659573,0.0165,0.014182485154608222,0.01918884126983605
4,kjqj,kqtt2325759353,13121010,composite,10000,Monte Carlo,0.0,0,0.00038399837067659573,0.0885,0.08309013840825412,0.0942258922508127
4,kjqj,kqtt2335759353,13121010,composite,10000,Monte Carlo,0.0,0,0.00038399837067659573,0.0367,0.033189114320119714,0.04056669857014922
4,kjqj,kqtjt1163797,13121011,composite,10000,Monte Carlo,0.0001,1.765267360112231e-05,0.0005662688974013381,0.458,0.4482528047445868,0.46777945111854996
4,kjqj,kqtq2267173283,13121012,composite,10000,Monte Carlo,0.0,0,0.00038399837067659573,0.1446,0.13784330931237446,0.15162963672950244
4,kjqj,kqtk371229269,13121013,composite,10000,Monte Carlo,0.0,0,0.00038399837067659573,0.2166,0.20863600708010635,0.22478164319639307
4,kjqj,kqjt251779977,13121110,composite,10000,Monte Carlo,0.0,0,0.00038399837067659573,0.0976,0.09193694057269153,0.10357210131602901
4,kjqj,kqjj34737813,13121111,composite,10000,Monte Carlo,0.0,0,0.00038399837067659573,0.1514,0.1445086730788388,0.15855905058519693
4,kjqj,kqjq233t15413,13121112,composite,10000,Monte Carlo,0.0,0,0.00038399837067659573,0.1978,0.19010935043708796,0.20572273817814898
4,kjqj,kqjk68319211,13121113,composite,10000,Monte Carlo,0.0,0,0.00038399837067659573,0.2741,0.2654453855259115,0.2829281049379601
4,kjqj,kqqj35877451,13121211,composite,10000,Monte Carlo,0.0,0,0.00038399837067659573,0.3769,0.3674508042467174,0.3864437361521431
4,kjqj,kqqq22131714843,13121212,composite,10000,Monte Carlo,0.0,0,0.00038399837067659573,0.0307,0.027495050002468435,0.034265370868248615
4,kjqj,kqqk767t1277,13121213,composite,10000,Monte Carlo,0.0,0,0.00038399837067659573,0.0805,0.0753272882462839,0.08599488638671376
4,kjqj,kqkt2353711821,13121310,composite,10000,Monte Carlo,0.0,0,0.00038399837067659573,0.1514,0.1445086730788388,0.15855905058519693
4,kjqj,kqkq254173137,13121312,composite,10000,Monte Carlo,0.0,0,0.00038399837067659573,0.223,0.21494872721945743,0.2312640078778974
4,kjqj,kqkq2244173137,13121312,composite,10000,Monte Carlo,0.0,0,0.00038399837067659573,0.1018,0.09602543417296856,0.10788038212943828
4,kjqj,kqkk34373771,13121313,composite,10000,Monte Carlo,0.0,0,0.00038399837067659573,0.0471,0.04311883126035707,0.05142899446380179
4,kjqj,kktj31423581,13131011,composite,10000,Monte Carlo,0.0,0,0.00038399837067659573,0.3954,0.38585894405378346,0.4050213884053619
4,kjqj,kktk71875859,13131013,composite,10000,Monte Carlo,0.0,0,0.00038399837067659573,0.1647,0.15755931622637762,0.17209819308099814
4,kjqj,kkjj3741151t1,13131111,composite,10000,Monte Carlo,0.0,0,0.00038399837067659573,0.0419,0.03814572841630529,0.04600609089090859
4,kjqj,kkjq231641389,13131112,composite,10000,Monte Carlo,0.0,0,0.00038399837067659573,0.3571,0.3477654538117857,0.3665442929225535
4,kjqj,kkjk29452797,13131113,composite,10000,Monte Carlo,0.0,0,0.00038399837067659573,0.143,0.13627573352241185,0.14999844131425122
4,kjqj,kkqt2531672621,13131210,composite,10000,Monte Carlo,0.0,0,0.00038399837067659573,0.1507,0.14382230103156193,0.15784596023019273
4,kjqj,kkqk337911549,13131213,composite,10000,Monte Carlo,0.0,0,0.00038399837067659573,0.1437,0.13696151223459843,0.1507121250043457
4,kjqj,kkkt251777243,13131310,composite,10000,Monte Carlo,0.0,0,0.00038399837067659573,0.0989,0.09320208250763987,0.1049059609853169
4,kjqj,kkkq243273569,13131312,composite,10000,Monte Carlo,0.0,0,0.00038399837067659573,0.189,0.1814465395354921,0.19679230745106874
4,kjqj,kkkq2233273569,13131312,composite,10000,Monte Carlo,0.0,0,0.00038399837067659573,0.034,0.03062309409181081,0.03773479238965977
4,kjqj,kkkk1373t1137,13131313,composite,10000,Monte Carlo,0.0,0,0.00038399837067659573,0.0063,0.004927565458326495,0.008051594532879576
4,kjqj,kkqj433x5377,13131211,composite,10000,Monte Carlo,0.0001,1.765267360112231e-05,0.0005662688974013381,0.0603,0.05580115113730913,0.06513653702986386
4,kjqj,kkkj3x742773,13131311,composite,10000,Monte Carlo,0.0,0,0.00038399837067659573,0.0212,0.018555080388788135,0.02421263645097177
4,kjqj,kkqq22t1325x3,13131212,composite,10000,Monte Carlo,0.0,0,0.00038399837067659573,0.0404,0.03671411143577194,0.04443885986655398
4,kjqj,kjkt2513j131,13111310,composite,10000,Monte Carlo,0.0,0,0.00038399837067659573,0.1136,0.1075283490749479,0.11996840486591098
4,kjtk,kjqj,13111211,prime,10000,Monte Carlo,0.1937,0.18607250290254143,0.20156273449933507,0.8233,0.8157006686730399,0.8306510379804806
4,kjtk,kjqk89179823,13111213,composite,10000,Monte Carlo,0.0,0,0.00038399837067659573,0.3077,0.2987292280064175,0.31681845776694456
4,kjtk,kjkq24819457,13111312,composite,10000,Monte Carlo,0.0001,1.765267360112231e-05,0.0005662688974013381,0.3958,0.3862571175765189,0.40542290768392997
4,kjtk,kjkq223819457,13111312,composite,10000,Monte Carlo,0.0,0,0.00038399837067659573,0.3723,0.36287591543434705,0.38182215774952366
4,kjtk,kjkj3192373137,13111311,composite,10000,Monte Carlo,0.0,0,0.00038399837067659573,0.0167,0.014367626563538568,0.019403546261557426
4,kjtk,kqtt2325759353,13121010,composite,10000,Monte Carlo,0.0,0,0.00038399837067659573,0.0616,0.05705394834141747,0.06648274142999176
4,kjtk,kqtt2335759353,13121010,composite,10000,Monte Carlo,0.0,0,0.00038399837067659573,0.0253,0.02239965645785025,0.028564911595270106
4,kjtk,kqtjt1163797,13121011,composite,10000,Monte Carlo,0.0,0,0.00038399837067659573,0.3953,0.38575940172035433,0.4049210075384652
4,kjtk,kqtq2267173283,13121012,composite,10000,Monte Carlo,0.0,0,0.00038399837067659573,0.1579,0.15088457671059974,0.1651781549746172
4,kjtk,kqtk371229269,13121013,composite,10000,Monte Carlo,0.0,0,0.00038399837067659573,0.1483,0.1414694249365588,0.15540067951737505
4,kjtk,kqjt251779977,13121110,composite,10000,Monte Carlo,0.0,0,0.00038399837067659573,0.0952,0.08960212917523011,0.10110875590566967
4,kjtk,kqjj34737813,13121111,composite,10000,Monte Carlo,0.0,0,0.00038399837067659573,0.2126,0.20469200824671677,0.22072871401674812
4,kjtk,kqjq233t15413,13121112,composite,10000,Monte Carlo,0.0,0,0.00038399837067659573,0.2388,0.2305449909824494,0.24725560976639205
4,kjtk,kqjk68319211,13121113,composite,10000,Monte Carlo,0.0,0,0.00038399837067659573,0.2177,0.20972080418983316,0.2258960012902508
4,kjtk,kqqj35877451,13121211,composite,10000,Monte Carlo,0.0,0,0.00038399837067659573,0.4576,0.44785362201383166,0.46737894104800165
4,kjtk,kqqq22131714843,13121212,composite,10000,Monte Carlo,0.0,0,0.00038399837067659573,0.0538,0.04954674862078317,0.05839593152520862
4,kjtk,kqqk767t1277,13121213,composite,10000,Monte Carlo,0.0,0,0.00038399837067659573,0.0663,0.061588129514028624,0.07134495067269625
4,kjtk,kqkt2353711821,13121310,composite,10000,Monte Carlo,0.0,0,0.00038399837067659573,0.0922,0.08668518704574357,0.09802800202538026
4,kjtk,kqkq254173137,13121312,composite,10000,Monte Carlo,0.0,0,0.00038399837067659573,0.1892,0.18164335269089954,0.19699534069631303
4,kjtk,kqkq2244173137,13121312,composite,10000,Monte Carlo,0.0,0,0.00038399837067659573,0.0871,0.08173060321353506,0.09278650264096966
4,kjtk,kqkk34373771,13121313,composite,10000,Monte Carlo,0.0,0,0.00038399837067659573,0.0175,0.01510909979989246,0.02026145862781046
4,kjtk,kktj31423581,13131011,composite,10000,Monte Carlo,0.0001,1.765267360112231e-05,0.0005662688974013381,0.2937,0.28485380477369854,0.30270463295404254
4,kjtk,kktk71875859,13131013,composite,10000,Monte Carlo,0.0,0,0.00038399837067659573,0.0685,0.06371296605258381,0.0736184245413101
4,kjtk,kkjj3741151t1,13131111,composite,10000,Monte Carlo,0.0,0,0.00038399837067659573,0.042,0.0382412189005821,0.04611052360695765
4,kjtk,kkjq231641389,13131112,composite,10000,Monte Carlo,0.0,0,0.00038399837067659573,0.2831,0.2743548640087523,0.2920117144844472
4,kjtk,kkjk29452797,13131113,composite,10000,Monte Carlo,0.0,0,0.00038399837067659573,0.0678,0.06303671927101744,0.07289520892059541
4,kjtk,kkqt2531672621,13131210,composite,10000,Monte Carlo,0.0,0,0.00038399837067659573,0.0943,0.0887268602612918,0.10018471601667518
4,kjtk,kkqk337911549,13131213,composite,10000,Monte Carlo,0.0,0,0.00038399837067659573,0.062,0.05743954480412971,0.06689683776858298
4,kjtk,kkkt251777243,13131310,composite,10000,Monte Carlo,0.0,0,0.00038399837067659573,0.0332,0.029863910020296733,0.036894590858566924
4,kjtk,kkkq243273569,13131312,composite,10000,Monte Carlo,0.0,0,0.00038399837067659573,0.0866,0.08124515806927553,0.09227233178359988
4,kjtk,kkkq2233273569,13131312,composite,10000,Monte Carlo,0.0,0,0.00038399837067659573,0.0107,0.008863014753198816,0.012912766052345299
4,kjtk,kkkk1373t1137,13131313,composite,10000,Monte Carlo,0.0,0,0.00038399837067659573,0.0002,5.484892732085777e-05,0.0007289958440074673
4,kjtk,kkqj433x5377,13131211,composite,10000,Monte Carlo,0.0,0,0.00038399837067659573,0.0441,0.04024788569805465,0.04830224401632825
4,kjtk,kkkj3x742773,13131311,composite,10000,Monte Carlo,0.0,0,0.00038399837067659573,0.0043,0.003194074401536842,0.005786621583151935
4,kjtk,kkqq22t1325x3,13131212,composite,10000,Monte Carlo,0.0,0,0.00038399837067659573,0.0287,0.025604210083046038,0.03215774678115372
4,kjtk,kjkt2513j131,13111310,composite,10000,Monte Carlo,0.0,0,0.00038399837067659573,0.109,0.10304145440447762,0.11525883232139147
4,ktqj,kjqj,13111211,prime,10000,Monte Carlo,0.2043,0.19651188721466284,0.2123152094217553,0.8424,0.8351272465844295,0.8494097913313312
4,ktqj,kjtk,13111013,prime,10000,Monte Carlo,0.2023,0.1945415344731697,0.2102870981567311,0.8446,0.8373671376438855,0.8515682106790442
4,ktqj,kjqk89179823,13111213,composite,10000,Monte Carlo,0.0,0,0.00038399837067659573,0.4076,0.3980062361169659,0.4172647267819351
4,ktqj,kjkq24819457,13111312,composite,10000,Monte Carlo,0.0,0,0.00038399837067659573,0.5108,0.5010001996847876,0.5205915059504059
4,ktqj,kjkq223819457,13111312,composite,10000,Monte Carlo,0.0,0,0.00038399837067659573,0.486,0.47621127786201684,0.49579947409236197
4,ktqj,kjkj3192373137,13111311,composite,10000,Monte Carlo,0.0,0,0.00038399837067659573,0.0285,0.025415349812625856,0.031946760650922175
4,ktqj,kqtt2325759353,13121010,composite,10000,Monte Carlo,0.0,0,0.00038399837067659573,0.0619,0.057343140440990745,0.06679331893139606
4,ktqj,kqtt2335759353,13121010,composite,10000,Monte Carlo,0.0,0,0.00038399837067659573,0.0243,0.021459791775913607,0.027505544273948104
4,ktqj,kqtjt1163797,13121011,composite,10000,Monte Carlo,0.0001,1.765267360112231e-05,0.0005662688974013381,0.4206,0.4109568315115755,0.43030414742968776
4,ktqj,kqtq2267173283,13121012,composite,10000,Monte Carlo,0.0,0,0.00038399837067659573,0.1431,0.1363736984954671,0.15010039954152188
4,ktqj,kqtk371229269,13121013,composite,10000,Monte Carlo,0.0,0,0.00038399837067659573,0.2091,0.2012419466891476,0.21718146356291204
4,ktqj,kqjt251779977,13121110,composite,10000,Monte Carlo,0.0,0,0.00038399837067659573,0.1009,0.09514905965901568,0.10695744784045838
4,ktqj,kqjj34737813,13121111,composite,10000,Monte Carlo,0.0001,1.765267360112231e-05,0.0005662688974013381,0.223,0.21494872721945743,0.2312640078778974
4,ktqj,kqjq233t15413,13121112,composite,10000,Monte Carlo,0.0,0,0.00038399837067659573,0.2152,0.2072554788484717,0.22336324662346566
4,ktqj,kqjk68319211,13121113,composite,10000,Monte Carlo,0.0,0,0.00038399837067659573,0.3026,0.29367345901913666,0.31167814353760637
4,ktqj,kqqj35877451,13121211,composite,10000,Monte Carlo,0.0001,1.765267360112231e-05,0.0005662688974013381,0.4187,0.40906362075623603,0.4283988173788359
4,ktqj,kqqq22131714843,13121212,composite,10000,Monte Carlo,0.0,0,0.00038399837067659573,0.035,0.031572809892695966,0.03878430859203326
4,ktqj,kqqk767t1277,13121213,composite,10000,Monte Carlo,0.0,0,0.00038399837067659573,0.0786,0.07348582126570413,0.0840378125611021
4,ktqj,kqkt2353711821,13121310,composite,10000,Monte Carlo,0.0,0,0.00038399837067659573,0.1425,0.1357859257888288,0.1494886330462049
4,ktqj,kqkq254173137,13121312,composite,10000,Monte Carlo,0.0,0,0.00038399837067659573,0.2267,0.21859954253374606,0.23501035097566578
4,ktqj,kqkq2244173137,13121312,composite,10000,Monte Carlo,0.0,0,0.00038399837067659573,0.1124,0.10635753529727687,0.11874014023967161
4,ktqj,kqkk34373771,13121313,composite,10000,Monte Carlo,0.0,0,0.00038399837067659573,0.0489,0.044843646588557176,0.053302796741467234
4,ktqj,kktj31423581,13131011,composite,10000,Monte Carlo,0.0,0,0.00038399837067659573,0.4147,0.4050783954831764,0.424387114638861
4,ktqj,kktk71875859,13131013,composite,10000,Monte Carlo,0.0,0,0.00038399837067659573,0.1554,0.14843178932095577,0.16263286235611454
4,ktqj,kkjj3741151t1,13131111,composite,10000,Monte Carlo,0.0,0,0.00038399837067659573,0.0683,0.06351973742773287,0.07341180676550929
4,ktqj,kkjq231641389,13131112,composite,10000,Monte Carlo,0.0,0,0.00038399837067659573,0.3856,0.37610579555282997,0.39518206327438077
4,ktqj,kkjk29452797,13131113,composite,10000,Monte Carlo,0.0,0,0.00038399837067659573,0.1523,0.14539122790714612,0.15947580455982238
4,ktqj,kkqt2531672621,13131210,composite,10000,Monte Carlo,0.0,0,0.00038399837067659573,0.1431,0.1363736984954671,0.15010039954152188
4,ktqj,kkqk337911549,13131213,composite,10000,Monte Carlo,0.0,0,0.00038399837067659573,0.1375,0.13088944509917524,0.1443889537195653
4,ktqj,kkkt251777243,13131310,composite,10000,Monte Carlo,0.0,0,0.00038399837067659573,0.0895,0.08406149169178567,0.0952537709705398
4,ktqj,kkkq243273569,13131312,composite,10000,Monte Carlo,0.0,0,0.00038399837067659573,0.1849,0.17741259469736337,0.19262940107583704
4,ktqj,kkkq2233273569,13131312,composite,10000,Monte Carlo,0.0,0,0.00038399837067659573,0.0321,0.028820922446793868,0.03573842322848528
4,ktqj,kkkk1373t1137,13131313,composite,10000,Monte Carlo,0.0,0,0.00038399837067659573,0.005,0.0037949010708382257,0.006585257316131604
4,ktqj,kkqj433x5377,13131211,composite,10000,Monte Carlo,0.0,0,0.00038399837067659573,0.0713,0.06641941892315777,0.07650982127986035
4,ktqj,kkkj3x742773,13131311,composite,10000,Monte Carlo,0.0,0,0.00038399837067659573,0.0243,0.021459791775913607,0.027505544273948104
4,ktqj,kkqq22t1325x3,13131212,composite,10000,Monte Carlo,0.0,0,0.00038399837067659573,0.0401,0.036427958323164145,0.04412524337818417
4,ktqj,kjkt2513j131,13111310,composite,10000,Monte Carlo,0.0,0,0.00038399837067659573,0.1683,0.16109481214266513,0.17575993237644172
4,qkjk,kjqj,13111211,prime,10000,Monte Carlo,0.1742,0.16689170290417463,0.18175851043415822,0.8112,0.8034107290571689,0.8187502703569219
4,qkjk,kjtk,13111013,prime,10000,Monte Carlo,0.1558,0.1488241923966553,0.16304015208171843,0.7417,0.733029574392272,0.750184800795343
4,qkjk,ktqj,13101211,prime,10000,Monte Carlo,0.3251,0.3159879680328085,0.33434635459725415,0.9244,0.9190541605779119,0.9294199016050577
4,qkjk,kjqk89179823,13111213,composite,10000,Monte Carlo,0.0001,1.765267360112231e-05,0.0005662688974013381,0.2938,0.284952879408651,0.302805481519416
4,qkjk,kjkq24819457,13111312,composite,10000,Monte Carlo,0.0,0,0.00038399837067659573,0.3891,0.3795885976034362,0.3986965732351797
4,qkjk,kjkq223819457,13111312,composite,10000,Monte Carlo,0.0,0,0.00038399837067659573,0.3549,0.3455792587226931,0.36433217760447717
4,qkjk,kjkj3192373137,13111311,composite,10000,Monte Carlo,0.0,0,0.00038399837067659573,0.0169,0.014552860307057098,0.019618158918690627
4,qkjk,kqtt2325759353,13121010,composite,10000,Monte Carlo,0.0,0,0.00038399837067659573,0.0788,0.07367961775326716,0.08424386247419079
4,qkjk,kqtt2335759353,13121010,composite,10000,Monte Carlo,0.0,0,0.00038399837067659573,0.0323,0.02901047792963247,0.03594871414629842
4,qkjk,kqtjt1163797,13121011,composite,10000,Monte Carlo,0.0,0,0.00038399837067659573,0.4558,0.4460573781582409,0.46557656729772673
4,qkjk,kqtq2267173283,13121012,composite,10000,Monte Carlo,0.0,0,0.00038399837067659573,0.1326,0.12609380060947656,0.13938836139329658
4,qkjk,kqtk371229269,13121013,composite,10000,Monte Carlo,0.0,0,0.00038399837067659573,0.146,0.13921517453378499,0.15305669631265403
4,qkjk,kqjt251779977,13121110,composite,10000,Monte Carlo,0.0,0,0.00038399837067659573,0.0973,0.09164502945588462,0.10326424283185828
4,qkjk,kqjj34737813,13121111,composite,10000,Monte Carlo,0.0,0,0.00038399837067659573,0.2077,0.19986217084065122,0.2157623146068463
4,qkjk,kqjq233t15413,13121112,composite,10000,Monte Carlo,0.0,0,0.00038399837067659573,0.1983,0.19060173860486807,0.20622996601199817
4,qkjk,kqjk68319211,13121113,composite,10000,Monte Carlo,0.0,0,0.00038399837067659573,0.2043,0.19651188721466284,0.2123152094217553
4,qkjk,kqqj35877451,13121211,composite,10000,Monte Carlo,0.0,0,0.00038399837067659573,0.3826,0.3731209506022273,0.3921692122152075
4,qkjk,kqqq22131714843,13121212,composite,10000,Monte Carlo,0.0,0,0.00038399837067659573,0.0262,0.02324661275726247,0.029517264098790668
4,qkjk,kqqk767t1277,13121213,composite,10000,Monte Carlo,0.0,0,0.00038399837067659573,0.0502,0.046090332946713386,0.05465511198754727
4,qkjk,kqkt2353711821,13121310,composite,10000,Monte Carlo,0.0,0,0.00038399837067659573,0.0923,0.08678238959271947,0.09813072267873021
4,qkjk,kqkq254173137,13121312,composite,10000,Monte Carlo,0.0,0,0.00038399837067659573,0.1501,0.14323402380990918,0.15723469824989034
4,qkjk,kqkq2244173137,13121312,composite,10000,Monte Carlo,0.0,0,0.00038399837067659573,0.0656,0.060912364012065776,0.07062125377237806
4,qkjk,kqkk34373771,13121313,composite,10000,Monte Carlo,0.0,0,0.00038399837067659573,0.0156,0.013350536779147534,0.018221480842363948
4,qkjk,kktj31423581,13131011,composite,10000,Monte Carlo,0.0,0,0.00038399837067659573,0.3129,0.3038854634195614,0.3220582287707457
4,qkjk,kktk71875859,13131013,composite,10000,Monte Carlo,0.0,0,0.00038399837067659573,0.0704,0.06554923628020647,0.07558069511987887
4,qkjk,kkjj3741151t1,13131111,composite,10000,Monte Carlo,0.0,0,0.00038399837067659573,0.0432,0.03938757077465523,0.0473632501367949
4,qkjk,kkjq231641389,13131112,composite,10000,Monte Carlo,0.0,0,0.00038399837067659573,0.275,0.266336134491688,0.2838366647751164
4,qkjk,kkjk29452797,13131113,composite,10000,Monte Carlo,0.0,0,0.00038399837067659573,0.0661,0.061395037686082815,0.07113819609999034
4,qkjk,kkqt2531672621,13131210,composite,10000,Monte Carlo,0.0,0,0.00038399837067659573,0.0926,0.08707400932446209,0.0984388725479652
4,qkjk,kkqk337911549,13131213,composite,10000,Monte Carlo,0.0,0,0.00038399837067659573,0.0558,0.05146939764838815,0.06047174650412093
4,qkjk,kkkt251777243,13131310,composite,10000,Monte Carlo,0.0,0,0.00038399837067659573,0.0382,0.03461703284432172,0.04213762805083516
4,qkjk,kkkq243273569,13131312,composite,10000,Monte Carlo,0.0,0,0.00038399837067659573,0.0818,0.07658774622559791,0.08733343001163599
4,qkjk,kkkq2233273569,13131312,composite,10000,Monte Carlo,0.0,0,0.00038399837067659573,0.0098,0.008048716055211168,0.011927755947400165
4,qkjk,kkkk1373t1137,13131313,composite,10000,Monte Carlo,0.0,0,0.00038399837067659573,0.0011,0.0006143506542303221,0.0019688029200307855
4,qkjk,kkqj433x5377,13131211,composite,10000,Monte Carlo,0.0,0,0.00038399837067659573,0.037,0.03347456890925213,0.04088101358199439
4,qkjk,kkkj3x742773,13131311,composite,10000,Monte Carlo,0.0,0,0.00038399837067659573,0.0044,0.0032794410394017762,0.0059011781456128655
4,qkjk,kkqq22t1325x3,13131212,composite,10000,Monte Carlo,0.0,0,0.00038399837067659573,0.0239,0.021084215098547462,0.02708142815001079
4,qkjk,kjkt2513j131,13111310,composite,10000,Monte Carlo,0.0,0,0.00038399837067659573,0.117,0.11084684235929051,0.12344730039264776
4,qqqj,kjqj,13111211,prime,10000,Monte Carlo,0.1435,0.13676556977562515,0.1505082210626672,0.7346,0.7258569648668753,0.7431628630976033
4,qqqj,kjtk,13111013,prime,10000,Monte Carlo,0.3141,0.3050755531857915,0.323267217408426,0.9286,0.9233869569021144,0.9334838796945416
4,qqqj,ktqj,13101211,prime,10000,Monte Carlo,0.2804,0.2716815591656273,0.28928709291877375,0.875,0.8683736740520526,0.8813383271699399
4,qqqj,qkjk,12131113,prime,10000,Monte Carlo,0.1809,0.17347839402941317,0.18856667373075264,0.8133,0.8055428104032847,0.8208165762176494
4,qqqj,kjqk89179823,13111213,composite,10000,Monte Carlo,0.0,0,0.00038399837067659573,0.369,0.3595944946143666,0.37850611295875053
4,qqqj,kjkq24819457,13111312,composite,10000,Monte Carlo,0.0001,1.765267360112231e-05,0.0005662688974013381,0.463,0.4532431230068509,0.4727852928725791
4,qqqj,kjkq223819457,13111312,composite,10000,Monte Carlo,0.0,0,0.00038399837067659573,0.4288,0.41912921285013127,0.438525468517853
4,qqqj,kjkj3192373137,13111311,composite,10000,Monte Carlo,0.0,0,0.00038399837067659573,0.0377,0.034140882278196075,0.04161416261533149
4,qqqj,kqtt2325759353,13121010,composite,10000,Monte Carlo,0.0,0,0.00038399837067659573,0.0535,0.04925849590206199,0.0580844146429522
4,qqqj,kqtt2335759353,13121010,composite,10000,Monte Carlo,0.0,0,0.00038399837067659573,0.0243,0.021459791775913607,0.027505544273948104
4,qqqj,kqtjt1163797,13121011,composite,10000,Monte Carlo,0.0001,1.765267360112231e-05,0.0005662688974013381,0.3866,0.37710082888456486,0.39618626194590445
4,qqqj,kqtq2267173283,13121012,composite,10000,Monte Carlo,0.0,0,0.00038399837067659573,0.0334,0.030053655869076296,0.037104691410439095
4,qqqj,kqtk371229269,13121013,composite,10000,Monte Carlo,0.0,0,0.00038399837067659573,0.1889,0.18134813418116272,0.19669078960507227
4,qqqj,kqjt251779977,13121110,composite,10000,Monte Carlo,0.0,0,0.00038399837067659573,0.0711,0.06622602477244359,0.07630336902992278
4,qqqj,kqjj34737813,13121111,composite,10000,Monte Carlo,0.0,0,0.00038399837067659573,0.1599,0.1528472614979651,0.1672139341937691
4,qqqj,kqjq233t15413,13121112,composite,10000,Monte Carlo,0.0,0,0.00038399837067659573,0.0598,0.05531946812109357,0.06461860404445009
4,qqqj,kqjk68319211,13121113,composite,10000,Monte Carlo,0.0001,1.765267360112231e-05,0.0005662688974013381,0.2596,0.25110068826772475,0.26828393814889645
4,qqqj,kqqj35877451,13121211,composite,10000,Monte Carlo,0.0,0,0.00038399837067659573,0.1493,0.14244971436817414,0.1564196220890184
4,qqqj,kqqq22131714843,13121212,composite,10000,Monte Carlo,0.0,0,0.00038399837067659573,0.0021,0.0013739917049838345,0.0032083938725359184
4,qqqj,kqqk767t1277,13121213,composite,10000,Monte Carlo,0.0,0,0.00038399837067659573,0.0178,0.015387513024217672,0.020582815004462834
4,qqqj,kqkt2353711821,13121310,composite,10000,Monte Carlo,0.0,0,0.00038399837067659573,0.1229,0.11660941149761031,0.12948020007355396
4,qqqj,kqkq254173137,13121312,composite,10000,Monte Carlo,0.0,0,0.00038399837067659573,0.078,0.07290449216225901,0.08341960246259204
4,qqqj,kqkq2244173137,13121312,composite,10000,Monte Carlo,0.0,0,0.00038399837067659573,0.0313,0.028063060012120035,0.034896900060552204
4,qqqj,kqkk34373771,13121313,composite,10000,Monte Carlo,0.0,0,0.00038399837067659573,0.0534,0.0491624202232057,0.057980567121482626
4,qqqj,kktj31423581,13131011,composite,10000,Monte Carlo,0.0002,5.484892732085777e-05,0.0007289958440074673,0.5093,0.49950018497358617,0.5190926726567192
4,qqqj,kktk71875859,13131013,composite,10000,Monte Carlo,0.0,0,0.00038399837067659573,0.2758,0.26712794875493845,0.2846442361144728
4,qqqj,kkjj3741151t1,13131111,composite,10000,Monte Carlo,0.0,0,0.00038399837067659573,0.0898,0.0843529388240022,0.09556209343930087
4,qqqj,kkjq231641389,13131112,composite,10000,Monte Carlo,0.0,0,0.00038399837067659573,0.3473,0.33802861889067815,0.35668865421172635
4,qqqj,kkjk29452797,13131113,composite,10000,Monte Carlo,0.0001,1.765267360112231e-05,0.0005662688974013381,0.2536,0.24516848868880325,0.26222074570826603
4,qqqj,kkqt2531672621,13131210,composite,10000,Monte Carlo,0.0,0,0.00038399837067659573,0.128,0.12159450657202082,0.1346911882157626
4,qqqj,kkqk337911549,13131213,composite,10000,Monte Carlo,0.0,0,0.00038399837067659573,0.1737,0.16640031806620498,0.18125027927049853
4,qqqj,kkkt251777243,13131310,composite,10000,Monte Carlo,0.0,0,0.00038399837067659573,0.1705,0.16325599133853164,0.17799706358774425
4,qqqj,kkkq243273569,13131312,composite,10000,Monte Carlo,0.0,0,0.00038399837067659573,0.2168,0.20883323662812167,0.22498426004902952
4,qqqj,kkkq2233273569,13131312,composite,10000,Monte Carlo,0.0,0,0.00038399837067659573,0.0423,0.03852772656784895,0.046423785540668394
4,qqqj,kkkk1373t1137,13131313,composite,10000,Monte Carlo,0.0,0,0.00038399837067659573,0.0186,0.016130861024283946,0.021438852607003477
4,qqqj,kkqj433x5377,13131211,composite,10000,Monte Carlo,0.0,0,0.00038399837067659573,0.0532,0.04897028177457526,0.05777285916946132
4,qqqj,kkkj3x742773,13131311,composite,10000,Monte Carlo,0.0,0,0.00038399837067659573,0.0478,0.043789399861243195,0.05215788826519671
4,qqqj,kkqq22t1325x3,13131212,composite,10000,Monte Carlo,0.0,0,0.00038399837067659573,0.0071,0.005633116021239761,0.008945429572573226
4,qqqj,kjkt2513j131,13111310,composite,10000,Monte Carlo,0.0,0,0.00038399837067659573,0.2212,0.21317298990348707,0.2294411275880022
4,jkjj,kjqj,13111211,prime,10000,Monte Carlo,0.0817,0.07649077355228603,0.08723047948462198,0.5389,0.5291168105407152,0.5486533143860463
4,jkjj,kjtk,13111013,prime,10000,Monte Carlo,0.1495,0.14264578525871854,0.15662339759912572,0.7458,0.7371728395472759,0.7542383868536995
4,jkjj,ktqj,13101211,prime,10000,Monte Carlo,0.2913,0.28247616937011627,0.3002841115498041,0.8797,0.8731777545014767,0.8859306371358315
4,jkjj,qkjk,12131113,prime,10000,Monte Carlo,0.1482,0.14137140197516668,0.15529877927844138,0.7441,0.7354547802335212,0.7525577517619144
4,jkjj,qqqj,12121211,prime,10000,Monte Carlo,0.0822,0.07697566063788176,0.0877452084006556,0.6282,0.6186802428733826,0.6376212999443758
4,jkjj,kjqk89179823,13111213,composite,10000,Monte Carlo,0.0001,1.765267360112231e-05,0.0005662688974013381,0.3254,0.31628566081258574,0.3346484314184545
4,jkjj,kjkq24819457,13111312,composite,10000,Monte Carlo,0.0,0,0.00038399837067659573,0.4021,0.39252923207592655,0.4117459548050519
4,jkjj,kjkq223819457,13111312,composite,10000,Monte Carlo,0.0,0,0.00038399837067659573,0.3763,0.36685402784358556,0.3858409733533198
4,jkjj,kjkj3192373137,13111311,composite,10000,Monte Carlo,0.0,0,0.00038399837067659573,0.0043,0.003194074401536842,0.005786621583151935
4,jkjj,kqtt2325759353,13121010,composite,10000,Monte Carlo,0.0,0,0.00038399837067659573,0.0889,0.08347865428504642,0.09463706917532388
4,jkjj,kqtt2335759353,13121010,composite,10000,Monte Carlo,0.0,0,0.00038399837067659573,0.0373,0.03376008880295818,0.041195263289265927
4,jkjj,kqtjt1163797,13121011,composite,10000,Monte Carlo,0.0,0,0.00038399837067659573,0.3934,0.38386817706053644,0.40301369139209176
4,jkjj,kqtq2267173283,13121012,composite,10000,Monte Carlo,0.0,0,0.00038399837067659573,0.1904,0.18282429992492732,0.19821347186619565
4,jkjj,kqtk371229269,13121013,composite,10000,Monte Carlo,0.0,0,0.00038399837067659573,0.2352,0.22698998408891313,0.24361338144819716
4,jkjj,kqjt251779977,13121110,composite,10000,Monte Carlo,0.0,0,0.00038399837067659573,0.0728,0.06787023787202281,0.07805785033588328
4,jkjj,kqjj34737813,13121111,composite,10000,Monte Carlo,0.0,0,0.00038399837067659573,0.0653,0.0606227984074466,0.07031104977601962
4,jkjj,kqjq233t15413,13121112,composite,10000,Monte Carlo,0.0,0,0.00038399837067659573,0.1951,0.1874507903359149,0.20298337187052365
4,jkjj,kqjk68319211,13121113,composite,10000,Monte Carlo,0.0,0,0.00038399837067659573,0.2235,0.2154420266972296,0.23177032440175457
4,jkjj,kqqj35877451,13121211,composite,10000,Monte Carlo,0.0,0,0.00038399837067659573,0.366,0.3566117965917026,0.37549111497163856
4,jkjj,kqqq22131714843,13121212,composite,10000,Monte Carlo,0.0,0,0.00038399837067659573,0.0642,0.05956130891199606,0.06917338406788566
4,jkjj,kqqk767t1277,13121213,composite,10000,Monte Carlo,0.0,0,0.00038399837067659573,0.1128,0.10674778186658007,0.11914958647167187
4,jkjj,kqkt2353711821,13121310,composite,10000,Monte Carlo,0.0,0,0.00038399837067659573,0.1567,0.14970715926623746,0.16395649401506912
4,jkjj,kqkq254173137,13121312,composite,10000,Monte Carlo,0.0,0,0.00038399837067659573,0.2784,0.2697015870721843,0.2872686010056995
4,jkjj,kqkq2244173137,13121312,composite,10000,Monte Carlo,0.0,0,0.00038399837067659573,0.1391,0.13245599939496294,0.1460211706289914
4,jkjj,kqkk34373771,13121313,composite,10000,Monte Carlo,0.0,0,0.00038399837067659573,0.049,0.044939516707863926,0.053406849822486356
4,jkjj,kktj31423581,13131011,composite,10000,Monte Carlo,0.0002,5.484892732085777e-05,0.0007289958440074673,0.3179,0.3088446349343509,0.32709521727224944
4,jkjj,kktk71875859,13131013,composite,10000,Monte Carlo,0.0,0,0.00038399837067659573,0.1611,0.15402506363991117,0.16843521045573343
4,jkjj,kkjj3741151t1,13131111,composite,10000,Monte Carlo,0.0,0,0.00038399837067659573,0.0103,0.008500632273877465,0.012475455730363192
4,jkjj,kkjq231641389,13131112,composite,10000,Monte Carlo,0.0,0,0.00038399837067659573,0.292,0.2831696153997778,0.3009901279224235
4,jkjj,kkjk29452797,13131113,composite,10000,Monte Carlo,0.0,0,0.00038399837067659573,0.1074,0.10148158781157682,0.11361992770907842
4,jkjj,kkqt2531672621,13131210,composite,10000,Monte Carlo,0.0,0,0.00038399837067659573,0.161,0.1539269080251769,0.16833344287014185
4,jkjj,kkqk337911549,13131213,composite,10000,Monte Carlo,0.0,0,0.00038399837067659573,0.1504,0.14352815759883644,0.15754033406194065
4,jkjj,kkkt251777243,13131310,composite,10000,Monte Carlo,0.0,0,0.00038399837067659573,0.0979,0.09222886853362255,0.10387994295607555
4,jkjj,kkkq243273569,13131312,composite,10000,Monte Carlo,0.0,0,0.00038399837067659573,0.1974,0.1897154538415203,0.20531694197241315
4,jkjj,kkkq2233273569,13131312,composite,10000,Monte Carlo,0.0,0,0.00038399837067659573,0.0383,0.034712283854238454,0.0422423002412443
4,jkjj,kkkk1373t1137,13131313,composite,10000,Monte Carlo,0.0,0,0.00038399837067659573,0.0059,0.004577046502138715,0.007602420687763897
4,jkjj,kkqj433x5377,13131211,composite,10000,Monte Carlo,0.0,0,0.00038399837067659573,0.0433,0.03948313833238368,0.04746760577939231
4,jkjj,kkkj3x742773,13131311,composite,10000,Monte Carlo,0.0,0,0.00038399837067659573,0.0148,0.01261275780745284,0.01735987421145173
4,jkjj,kkqq22t1325x3,13131212,composite,10000,Monte Carlo,0.0,0,0.00038399837067659573,0.0599,0.05541579742650972,0.06472219793935981
4,jkjj,kjkt2513j131,13111310,composite,10000,Monte Carlo,0.0,0,0.00038399837067659573,0.0459,0.04196987371736925,0.05017887360287923
5,kkqtj,kkqkj,1313121311,prime,exact,exact,0.019325151417753213,0.019325151417753213,0.019325151417753213,0.34312577398226857,0.34312577398226857,0.34312577398226857
5,kkjtj,kkqkj,1313121311,prime,exact,exact,0.01757154008716484,0.01757154008716484,0.01757154008716484,0.32283810990560846,0.32283810990560846,0.32283810990560846
5,kkjtj,kkqtj,1313121011,prime,exact,exact,0.07747423764595628,0.07747423764595628,0.07747423764595628,0.6694870775579977,0.6694870775579977,0.6694870775579977
5,kqkqj,kkqkj,1313121311,prime,exact,exact,0.01477607731899161,0.01477607731899161,0.01477607731899161,0.30844921202266634,0.30844921202266634,0.30844921202266634
5,kqkqj,kkqtj,1313121011,prime,exact,exact,0.07747423764595628,0.07747423764595628,0.07747423764595628,0.6694870775579977,0.6694870775579977,0.6694870775579977
5,kqkqj,kkjtj,1313111011,prime,exact,exact,0.050924917164036035,0.050924917164036035,0.050924917164036035,0.5873170260010873,0.5873170260010873,0.5873170260010873
5,kqjjj,kkqkj,1313121311,prime,exact,exact,0.02417906221231892,0.02417906221231892,0.02417906221231892,0.42650977818306235,0.42650977818306235,0.42650977818306235
5,kqjjj,kkqtj,1313121011,prime,exact,exact,0.0909119386298642,0.0909119386298642,0.0909119386298642,0.720196663616055,0.720196663616055,0.720196663616055
5,kqjjj,kkjtj,1313111011,prime,exact,exact,0.022685646964555172,0.022685646964555172,0.022685646964555172,0.3813228423551736,0.3813228423551736,0.3813228423551736
5,kqjjj,kqkqj,1312131211,prime,exact,exact,0.041627494951673234,0.041627494951673234,0.041627494951673234,0.5831595272321307,0.5831595272321307,0.5831595272321307
5,kqtkk,kkqkj,1313121311,prime,exact,exact,0.006093033466863257,0.006093033466863257,0.006093033466863257,0.1414084283057624,0.1414084283057624,0.1414084283057624
5,kqtkk,kkqtj,1313121011,prime,exact,exact,0.04703948583975592,0.04703948583975592,0.04703948583975592,0.5059872234062123,0.5059872234062123,0.5059872234062123
5,kqtkk,kkjtj,1313111011,prime,exact,exact,0.030638790116811854,0.030638790116811854,0.030638790116811854,0.45236376353789853,0.45236376353789853,0.45236376353789853
5,kqtkk,kqkqj,1312131211,prime,exact,exact,0.022685646964555172,0.022685646964555172,0.022685646964555172,0.3813228423551736,0.3813228423551736,0.3813228423551736
5,kqtkk,kqjjj,1312111111,prime,exact,exact,0.047806396051805214,0.047806396051805214,0.047806396051805214,0.5986395263763387,0.5986395263763387,0.5986395263763387
5,kqttk,kkqkj,1313121311,prime,exact,exact,0.02293927872689096,0.02293927872689096,0.02293927872689096,0.3586615680773367,0.3586615680773367,0.3586615680773367
5,kqttk,kkqtj,1313121011,prime,exact,exact,0.07747423764595628,0.07747423764595628,0.07747423764595628,0.6694870775579977,0.6694870775579977,0.6694870775579977
5,kqttk,kkjtj,1313111011,prime,exact,exact,0.052164635976355726,0.052164635976355726,0.052164635976355726,0.6176570803910566,0.6176570803910566,0.6176570803910566
5,kqttk,kqkqj,1312131211,prime,exact,exact,0.050924917164036035,0.050924917164036035,0.050924917164036035,0.5873170260010873,0.5873170260010873,0.5873170260010873
5,kqttk,kqjjj,1312111111,prime,exact,exact,0.06818908004966809,0.06818908004966809,0.06818908004966809,0.6860399921091923,0.6860399921091923,0.6860399921091923
5,kqttk,kqtkk,1312101313,prime,exact,exact,0.01477607731899161,0.01477607731899161,0.01477607731899161,0.30844921202266634,0.30844921202266634,0.30844921202266634
5,kjkjj,kkqkj,1313121311,prime,exact,exact,0.010845569164224566,0.010845569164224566,0.010845569164224566,0.2451994357836672,0.2451994357836672,0.2451994357836672
5,kjkjj,kkqtj,1313121011,prime,exact,exact,0.062067660238655356,0.062067660238655356,0.062067660238655356,0.5902512729676838,0.5902512729676838,0.5902512729676838
5,kjkjj,kkjtj,1313111011,prime,exact,exact,0.010845569164224566,0.010845569164224566,0.010845569164224566,0.2451994357836672,0.2451994357836672,0.2451994357836672
5,kjkjj,kqkqj,1312131211,prime,exact,exact,0.03557753586114335,0.03557753586114335,0.03557753586114335,0.5236007419785071,0.5236007419785071,0.5236007419785071
5,kjkjj,kqjjj,1312111111,prime,exact,exact,0.004481169421313315,0.004481169421313315,0.004481169421313315,0.12225448663338624,0.12225448663338624,0.12225448663338624
5,kjkjj,kqtkk,1312101313,prime,exact,exact,0.02719114149351976,0.02719114149351976,0.02719114149351976,0.37464488417409575,0.37464488417409575,0.37464488417409575
5,kjkjj,kqttk,1312101013,prime,exact,exact,0.07559591935124248,0.07559591935124248,0.07559591935124248,0.6765474886291676,0.6765474886291676,0.6765474886291676
5,kjjkk,kkqkj,1313121311,prime,exact,exact,0.004481169421313315,0.004481169421313315,0.004481169421313315,0.12225448663338624,0.12225448663338624,0.12225448663338624
5,kjjkk,kkqtj,1313121011,prime,exact,exact,0.04295882289587608,0.04295882289587608,0.04295882289587608,0.47901113959518804,0.47901113959518804,0.47901113959518804
5,kjjkk,kkjtj,1313111011,prime,exact,exact,0.010845569164224566,0.010845569164224566,0.010845569164224566,0.2451994357836672,0.2451994357836672,0.2451994357836672
5,kjjkk,kqkqj,1312131211,prime,exact,exact,0.023598556392537943,0.023598556392537943,0.023598556392537943,0.40993867777758874,0.40993867777758874,0.40993867777758874
5,kjjkk,kqjjj,1312111111,prime,exact,exact,0.010845569164224566,0.010845569164224566,0.010845569164224566,0.2451994357836672,0.2451994357836672,0.2451994357836672
5,kjjkk,kqtkk,1312101313,prime,exact,exact,0.007380109162709536,0.007380109162709536,0.007380109162709536,0.15025580266646632,0.15025580266646632,0.15025580266646632
5,kjjkk,kqttk,1312101013,prime,exact,exact,0.03621471149204098,0.03621471149204098,0.03621471149204098,0.4710984681489503,0.4710984681489503,0.4710984681489503
5,kjjkk,kjkjj,1311131111,prime,exact,exact,0.0008227733695686049,0.0008227733695686049,0.0008227733695686049,0.044155504166848464,0.044155504166848464,0.044155504166848464
5,kttqj,kkqkj,1313121311,prime,exact,exact,0.045831942224771084,0.045831942224771084,0.045831942224771084,0.555682838723111,0.555682838723111,0.555682838723111
5,kttqj,kkqtj,1313121011,prime,exact,exact,0.11022276286790757,0.11022276286790757,0.11022276286790757,0.788248680278395,0.788248680278395,0.788248680278395
5,kttqj,kkjtj,1313111011,prime,exact,exact,0.059798002944799235,0.059798002944799235,0.059798002944799235,0.6719052712246133,0.6719052712246133,0.6719052712246133
5,kttqj,kqkqj,1312131211,prime,exact,exact,0.07415886065422722,0.07415886065422722,0.07415886065422722,0.7104285850740757,0.7104285850740757,0.7104285850740757
5,kttqj,kqjjj,1312111111,prime,exact,exact,0.045831942224771084,0.045831942224771084,0.045831942224771084,0.555682838723111,0.555682838723111,0.555682838723111
5,kttqj,kqtkk,1312101313,prime,exact,exact,0.0362480343110742,0.0362480343110742,0.0362480343110742,0.5157584516631596,0.5157584516631596,0.5157584516631596
5,kttqj,kqttk,1312101013,prime,exact,exact,0.04376793231106787,0.04376793231106787,0.04376793231106787,0.5703305631836545,0.5703305631836545,0.5703305631836545
5,kttqj,kjkjj,1311131111,prime,exact,exact,0.023302256547024735,0.023302256547024735,0.023302256547024735,0.4424500856718667,0.4424500856718667,0.4424500856718667
5,kttqj,kjjkk,1311111313,prime,exact,exact,0.023302256547024735,0.023302256547024735,0.023302256547024735,0.4424500856718667,0.4424500856718667,0.4424500856718667
5,qkkkk,kkqkj,1313121311,prime,exact,exact,0.0,0.0,0.0,0.0,0.0,0.0
5,qkkkk,kkqtj,1313121011,prime,exact,exact,0.018024870216418538,0.018024870216418538,0.018024870216418538,0.25607213936308404,0.25607213936308404,0.25607213936308404
5,qkkkk,kkjtj,1313111011,prime,exact,exact,0.011321320716894333,0.011321320716894333,0.011321320716894333,0.21992509797387846,0.21992509797387846,0.21992509797387846
5,qkkkk,kqkqj,1312131211,prime,exact,exact,0.0064857285802445075,0.0064857285802445075,0.0064857285802445075,0.16246327295674998,0.16246327295674998,0.16246327295674998
5,qkkkk,kqjjj,1312111111,prime,exact,exact,0.022144268375274136,0.022144268375274136,0.022144268375274136,0.4037415635827434,0.4037415635827434,0.4037415635827434
5,qkkkk,kqtkk,1312101313,prime,exact,exact,0.0,0.0,0.0,0.0,0.0,0.0
5,qkkkk,kqttk,1312101013,prime,exact,exact,0.00934592912979037,0.00934592912979037,0.00934592912979037,0.20714727929702406,0.20714727929702406,0.20714727929702406
5,qkkkk,kjkjj,1311131111,prime,exact,exact,0.002836402931933875,0.002836402931933875,0.002836402931933875,0.11038876041712116,0.11038876041712116,0.11038876041712116
5,qkkkk,kjjkk,1311111313,prime,exact,exact,0.0,0.0,0.0,0.0,0.0,0.0
5,qkkkk,kttqj,1310101211,prime,exact,exact,0.07165563864649296,0.07165563864649296,0.07165563864649296,0.6382402552255991,0.6382402552255991,0.6382402552255991
5,qqkqk,kkqkj,1313121311,prime,exact,exact,0.010845569164224566,0.010845569164224566,0.010845569164224566,0.2451994357836672,0.2451994357836672,0.2451994357836672
5,qqkqk,kkqtj,1313121011,prime,exact,exact,0.062067660238655356,0.062067660238655356,0.062067660238655356,0.5902512729676838,0.5902512729676838,0.5902512729676838
5,qqkqk,kkjtj,1313111011,prime,exact,exact,0.07559591935124248,0.07559591935124248,0.07559591935124248,0.6765474886291676,0.6765474886291676,0.6765474886291676
5,qqkqk,kqkqj,1312131211,prime,exact,exact,0.010845569164224566,0.010845569164224566,0.010845569164224566,0.2451994357836672,0.2451994357836672,0.2451994357836672
5,qqkqk,kqjjj,1312111111,prime,exact,exact,0.03812027229049649,0.03812027229049649,0.03812027229049649,0.5599736254302334,0.5599736254302334,0.5599736254302334
5,qqkqk,kqtkk,1312101313,prime,exact,exact,0.010845569164224566,0.010845569164224566,0.010845569164224566,0.2451994357836672,0.2451994357836672,0.2451994357836672
5,qqkqk,kqttk,1312101013,prime,exact,exact,0.03557753586114335,0.03557753586114335,0.03557753586114335,0.5236007419785071,0.5236007419785071,0.5236007419785071
5,qqkqk,kjkjj,1311131111,prime,exact,exact,0.025932673542907295,0.025932673542907295,0.025932673542907295,0.4728815817868569,0.4728815817868569,0.4728815817868569
5,qqkqk,kjjkk,1311111313,prime,exact,exact,0.01477607731899161,0.01477607731899161,0.01477607731899161,0.31714392519837786,0.31714392519837786,0.31714392519837786
5,qqkqk,kttqj,1310101211,prime,exact,exact,0.1066364847640695,0.1066364847640695,0.1066364847640695,0.7674779599157034,0.7674779599157034,0.7674779599157034
5,qqkqk,qkkkk,1213131313,prime,exact,exact,0.0008227733695686049,0.0008227733695686049,0.0008227733695686049,0.044155504166848464,0.044155504166848464,0.044155504166848464
5,qjqtk,kkqkj,1313121311,prime,exact,exact,0.0362480343110742,0.0362480343110742,0.0362480343110742,0.5157584516631596,0.5157584516631596,0.5157584516631596
5,qjqtk,kkqtj,1313121011,prime,exact,exact,0.11022276286790757,0.11022276286790757,0.11022276286790757,0.788248680278395,0.788248680278395,0.788248680278395
5,qjqtk,kkjtj,1313111011,prime,exact,exact,0.07415886065422722,0.07415886065422722,0.07415886065422722,0.7104285850740757,0.7104285850740757,0.7104285850740757
5,qjqtk,kqkqj,1312131211,prime,exact,exact,0.04376793231106787,0.04376793231106787,0.04376793231106787,0.5703305631836545,0.5703305631836545,0.5703305631836545
5,qjqtk,kqjjj,1312111111,prime,exact,exact,0.0362480343110742,0.0362480343110742,0.0362480343110742,0.5157584516631596,0.5157584516631596,0.5157584516631596
5,qjqtk,kqtkk,1312101313,prime,exact,exact,0.0362480343110742,0.0362480343110742,0.0362480343110742,0.5157584516631596,0.5157584516631596,0.5157584516631596
5,qjqtk,kqttk,1312101013,prime,exact,exact,0.059798002944799235,0.059798002944799235,0.059798002944799235,0.6719052712246133,0.6719052712246133,0.6719052712246133
5,qjqtk,kjkjj,1311131111,prime,exact,exact,0.023302256547024735,0.023302256547024735,0.023302256547024735,0.4424500856718667,0.4424500856718667,0.4424500856718667
5,qjqtk,kjjkk,1311111313,prime,exact,exact,0.023302256547024735,0.023302256547024735,0.023302256547024735,0.4424500856718667,0.4424500856718667,0.4424500856718667
5,qjqtk,kttqj,1310101211,prime,exact,exact,0.11022276286790757,0.11022276286790757,0.11022276286790757,0.788248680278395,0.788248680278395,0.788248680278395
5,qjqtk,qkkkk,1213131313,prime,exact,exact,0.006899943670400727,0.006899943670400727,0.006899943670400727,0.20824690478689345,0.20824690478689345,0.20824690478689345
5,qjqtk,qqkqk,1212131213,prime,exact,exact,0.009076840494579396,0.009076840494579396,0.009076840494579396,0.2512090169492325,0.2512090169492325,0.2512090169492325
5,jqqqj,kkqkj,1313121311,prime,exact,exact,0.03812027229049649,0.03812027229049649,0.03812027229049649,0.5599736254302334,0.5599736254302334,0.5599736254302334
5,jqqqj,kkqtj,1313121011,prime,exact,exact,0.1066364847640695,0.1066364847640695,0.1066364847640695,0.7674779599157034,0.7674779599157034,0.7674779599157034
5,jqqqj,kkjtj,1313111011,prime,exact,exact,0.07559591935124248,0.07559591935124248,0.07559591935124248,0.6765474886291676,0.6765474886291676,0.6765474886291676
5,jqqqj,kqkqj,1312131211,prime,exact,exact,0.023598556392537943,0.023598556392537943,0.023598556392537943,0.40993867777758874,0.40993867777758874,0.40993867777758874
5,jqqqj,kqjjj,1312111111,prime,exact,exact,0.010845569164224566,0.010845569164224566,0.010845569164224566,0.2451994357836672,0.2451994357836672,0.2451994357836672
5,jqqqj,kqtkk,1312101313,prime,exact,exact,0.05544445182059789,0.05544445182059789,0.05544445182059789,0.6151610312699366,0.6151610312699366,0.6151610312699366
5,jqqqj,kqttk,1312101013,prime,exact,exact,0.08993995598941784,0.08993995598941784,0.08993995598941784,0.7559440911681411,0.7559440911681411,0.7559440911681411
5,jqqqj,kjkjj,1311131111,prime,exact,exact,0.01477607731899161,0.01477607731899161,0.01477607731899161,0.31714392519837786,0.31714392519837786,0.31714392519837786
5,jqqqj,kjjkk,1311111313,prime,exact,exact,0.025932673542907295,0.025932673542907295,0.025932673542907295,0.4728815817868569,0.4728815817868569,0.4728815817868569
5,jqqqj,kttqj,1310101211,prime,exact,exact,0.1066364847640695,0.1066364847640695,0.1066364847640695,0.7674779599157034,0.7674779599157034,0.7674779599157034
5,jqqqj,qkkkk,1213131313,prime,exact,exact,0.012342185730847402,0.012342185730847402,0.012342185730847402,0.3156521851927411,0.3156521851927411,0.3156521851927411
5,jqqqj,qqkqk,1212131213,prime,exact,exact,0.003797865695946121,0.003797865695946121,0.003797865695946121,0.12053259245545121,0.12053259245545121,0.12053259245545121
5,jqqqj,qjqtk,1211121013,prime,exact,exact,0.04295882289587608,0.04295882289587608,0.04295882289587608,0.47901113959518804,0.47901113959518804,0.47901113959518804
5,jjtkj,kkqkj,1313121311,prime,exact,exact,0.028356783323426518,0.028356783323426518,0.028356783323426518,0.441853389669612,0.441853389669612,0.441853389669612
5,jjtkj,kkqtj,1313121011,prime,exact,exact,0.0909119386298642,0.0909119386298642,0.0909119386298642,0.720196663616055,0.720196663616055,0.720196663616055
5,jjtkj,kkjtj,1313111011,prime,exact,exact,0.01912684749953759,0.01912684749953759,0.01912684749953759,0.3651609049226746,0.3651609049226746,0.3651609049226746
5,jjtkj,kqkqj,1312131211,prime,exact,exact,0.061711502367294196,0.061711502367294196,0.061711502367294196,0.6692883330432962,0.6692883330432962,0.6692883330432962
5,jjtkj,kqjjj,1312111111,prime,exact,exact,0.006093033466863257,0.006093033466863257,0.006093033466863257,0.1414084283057624,0.1414084283057624,0.1414084283057624
5,jjtkj,kqtkk,1312101313,prime,exact,exact,0.053382962137082345,0.053382962137082345,0.053382962137082345,0.5728959685284132,0.5728959685284132,0.5728959685284132
5,jjtkj,kqttk,1312101013,prime,exact,exact,0.08541602558252864,0.08541602558252864,0.08541602558252864,0.7264909440178867,0.7264909440178867,0.7264909440178867
5,jjtkj,kjkjj,1311131111,prime,exact,exact,0.0021651930778121184,0.0021651930778121184,0.0021651930778121184,0.08831100833369693,0.08831100833369693,0.08831100833369693
5,jjtkj,kjjkk,1311111313,prime,exact,exact,0.004178822640177388,0.004178822640177388,0.004178822640177388,0.15454426458396964,0.15454426458396964,0.15454426458396964
5,jjtkj,kttqj,1310101211,prime,exact,exact,0.0909119386298642,0.0909119386298642,0.0909119386298642,0.720196663616055,0.720196663616055,0.720196663616055
5,jjtkj,qkkkk,1213131313,prime,exact,exact,0.010845569164224566,0.010845569164224566,0.010845569164224566,0.2451994357836672,0.2451994357836672,0.2451994357836672
5,jjtkj,qqkqk,1212131213,prime,exact,exact,0.045222398179379404,0.045222398179379404,0.045222398179379404,0.6090987548730034,0.6090987548730034,0.6090987548730034
5,jjtkj,qjqtk,1211121013,prime,exact,exact,0.11418732884636767,0.11418732884636767,0.11418732884636767,0.7901183110869678,0.7901183110869678,0.7901183110869678
5,jjtkj,jqqqj,1112121211,prime,exact,exact,0.0107095131127134,0.0107095131127134,0.0107095131127134,0.2834306010709868,0.2834306010709868,0.2834306010709868
5,tqttj,kkqkj,1313121311,prime,exact,exact,0.08425214811585671,0.08425214811585671,0.08425214811585671,0.7238290599039323,0.7238290599039323,0.7238290599039323
5,tqttj,kkqtj,1313121011,prime,exact,exact,0.11418732884636767,0.11418732884636767,0.11418732884636767,0.7901183110869678,0.7901183110869678,0.7901183110869678
5,tqttj,kkjtj,1313111011,prime,exact,exact,0.061711502367294196,0.061711502367294196,0.061711502367294196,0.6692883330432962,0.6692883330432962,0.6692883330432962
5,tqttj,kqkqj,1312131211,prime,exact,exact,0.10664034924306696,0.10664034924306696,0.10664034924306696,0.7919260224989096,0.7919260224989096,0.7919260224989096
5,tqttj,kqjjj,1312111111,prime,exact,exact,0.053382962137082345,0.053382962137082345,0.053382962137082345,0.5728959685284132,0.5728959685284132,0.5728959685284132
5,tqttj,kqtkk,1312101313,prime,exact,exact,0.047806396051805214,0.047806396051805214,0.047806396051805214,0.5986395263763387,0.5986395263763387,0.5986395263763387
5,tqttj,kqttk,1312101013,prime,exact,exact,0.030638790116811854,0.030638790116811854,0.030638790116811854,0.45236376353789853,0.45236376353789853,0.45236376353789853
5,tqttj,kjkjj,1311131111,prime,exact,exact,0.03557753586114335,0.03557753586114335,0.03557753586114335,0.5236007419785071,0.5236007419785071,0.5236007419785071
5,tqttj,kjjkk,1311111313,prime,exact,exact,0.045222398179379404,0.045222398179379404,0.045222398179379404,0.6090987548730034,0.6090987548730034,0.6090987548730034
5,tqttj,kttqj,1310101211,prime,exact,exact,0.04703948583975592,0.04703948583975592,0.04703948583975592,0.5059872234062123,0.5059872234062123,0.5059872234062123
5,tqttj,qkkkk,1213131313,prime,exact,exact,0.02417906221231892,0.02417906221231892,0.02417906221231892,0.42650977818306235,0.42650977818306235,0.42650977818306235
5,tqttj,qqkqk,1212131213,prime,exact,exact,0.03557753586114335,0.03557753586114335,0.03557753586114335,0.5236007419785071,0.5236007419785071,0.5236007419785071
5,tqttj,qjqtk,1211121013,prime,exact,exact,0.0909119386298642,0.0909119386298642,0.0909119386298642,0.720196663616055,0.720196663616055,0.720196663616055
5,tqttj,jqqqj,1112121211,prime,exact,exact,0.023302256547024735,0.023302256547024735,0.023302256547024735,0.4424500856718667,0.4424500856718667,0.4424500856718667
5,tqttj,jjtkj,1111101311,prime,exact,exact,0.028356783323426518,0.028356783323426518,0.028356783323426518,0.441853389669612,0.441853389669612,0.441853389669612
5,ttjjj,kkqkj,1313121311,prime,exact,exact,0.05544445182059789,0.05544445182059789,0.05544445182059789,0.6151610312699366,0.6151610312699366,0.6151610312699366
5,ttjjj,kkqtj,1313121011,prime,exact,exact,0.1066364847640695,0.1066364847640695,0.1066364847640695,0.7674779599157034,0.7674779599157034,0.7674779599157034
5,ttjjj,kkjtj,1313111011,prime,exact,exact,0.023598556392537943,0.023598556392537943,0.023598556392537943,0.40993867777758874,0.40993867777758874,0.40993867777758874
5,ttjjj,kqkqj,1312131211,prime,exact,exact,0.08993995598941784,0.08993995598941784,0.08993995598941784,0.7559440911681411,0.7559440911681411,0.7559440911681411
5,ttjjj,kqjjj,1312111111,prime,exact,exact,0.007380109162709536,0.007380109162709536,0.007380109162709536,0.15025580266646632,0.15025580266646632,0.15025580266646632
5,ttjjj,kqtkk,1312101313,prime,exact,exact,0.07860964577566942,0.07860964577566942,0.07860964577566942,0.7020752285074463,0.7020752285074463,0.7020752285074463
5,ttjjj,kqttk,1312101013,prime,exact,exact,0.07559591935124248,0.07559591935124248,0.07559591935124248,0.6765474886291676,0.6765474886291676,0.6765474886291676
5,ttjjj,kjkjj,1311131111,prime,exact,exact,0.003797865695946121,0.003797865695946121,0.003797865695946121,0.12053259245545121,0.12053259245545121,0.12053259245545121
5,ttjjj,kjjkk,1311111313,prime,exact,exact,0.0107095131127134,0.0107095131127134,0.0107095131127134,0.2834306010709868,0.2834306010709868,0.2834306010709868
5,ttjjj,kttqj,1310101211,prime,exact,exact,0.062067660238655356,0.062067660238655356,0.062067660238655356,0.5902512729676838,0.5902512729676838,0.5902512729676838
5,ttjjj,qkkkk,1213131313,prime,exact,exact,0.028356783323426518,0.028356783323426518,0.028356783323426518,0.441853389669612,0.441853389669612,0.441853389669612
5,ttjjj,qqkqk,1212131213,prime,exact,exact,0.06619352662106272,0.06619352662106272,0.06619352662106272,0.6912723186120804,0.6912723186120804,0.6912723186120804
5,ttjjj,qjqtk,1211121013,prime,exact,exact,0.1066364847640695,0.1066364847640695,0.1066364847640695,0.7674779599157034,0.7674779599157034,0.7674779599157034
5,ttjjj,jqqqj,1112121211,prime,exact,exact,0.0107095131127134,0.0107095131127134,0.0107095131127134,0.2834306010709868,0.2834306010709868,0.2834306010709868
5,ttjjj,jjtkj,1111101311,prime,exact,exact,0.004481169421313315,0.004481169421313315,0.004481169421313315,0.12225448663338624,0.12225448663338624,0.12225448663338624
5,ttjjj,tqttj,1012101011,prime,exact,exact,0.010845569164224566,0.010845569164224566,0.010845569164224566,0.2451994357836672,0.2451994357836672,0.2451994357836672
5,9ktkk,kkqkj,1313121311,prime,exact,exact,0.007380109162709536,0.007380109162709536,0.007380109162709536,0.15025580266646632,0.15025580266646632,0.15025580266646632
5,9ktkk,kkqtj,1313121011,prime,exact,exact,0.05541343558883321,0.05541343558883321,0.05541343558883321,0.5260303721101848,0.5260303721101848,0.5260303721101848
5,9ktkk,kkjtj,1313111011,prime,exact,exact,0.030638790116811854,0.030638790116811854,0.030638790116811854,0.45236376353789853,0.45236376353789853,0.45236376353789853
5,9ktkk,kqkqj,1312131211,prime,exact,exact,0.03621471149204098,0.03621471149204098,0.03621471149204098,0.4710984681489503,0.4710984681489503,0.4710984681489503
5,9ktkk,kqjjj,1312111111,prime,exact,exact,0.05544445182059789,0.05544445182059789,0.05544445182059789,0.6151610312699366,0.6151610312699366,0.6151610312699366
5,9ktkk,kqtkk,1312101313,prime,exact,exact,0.006093033466863257,0.006093033466863257,0.006093033466863257,0.1414084283057624,0.1414084283057624,0.1414084283057624
5,9ktkk,kqttk,1312101013,prime,exact,exact,0.022685646964555172,0.022685646964555172,0.022685646964555172,0.3813228423551736,0.3813228423551736,0.3813228423551736
5,9ktkk,kjkjj,1311131111,prime,exact,exact,0.0107095131127134,0.0107095131127134,0.0107095131127134,0.2834306010709868,0.2834306010709868,0.2834306010709868
5,9ktkk,kjjkk,1311111313,prime,exact,exact,0.003797865695946121,0.003797865695946121,0.003797865695946121,0.12053259245545121,0.12053259245545121,0.12053259245545121
5,9ktkk,kttqj,1310101211,prime,exact,exact,0.10463779097361736,0.10463779097361736,0.10463779097361736,0.7369872066631622,0.7369872066631622,0.7369872066631622
5,9ktkk,qkkkk,1213131313,prime,exact,exact,0.0,0.0,0.0,0.0,0.0,0.0
5,9ktkk,qqkqk,1212131213,prime,exact,exact,0.0107095131127134,0.0107095131127134,0.0107095131127134,0.2834306010709868,0.2834306010709868,0.2834306010709868
5,9ktkk,qjqtk,1211121013,prime,exact,exact,0.13090056147226323,0.13090056147226323,0.13090056147226323,0.8062828482842023,0.8062828482842023,0.8062828482842023
5,9ktkk,jqqqj,1112121211,prime,exact,exact,0.06619352662106272,0.06619352662106272,0.06619352662106272,0.6912723186120804,0.6912723186120804,0.6912723186120804
5,9ktkk,jjtkj,1111101311,prime,exact,exact,0.047806396051805214,0.047806396051805214,0.047806396051805214,0.5986395263763387,0.5986395263763387,0.5986395263763387
5,9ktkk,tqttj,1012101011,prime,exact,exact,0.062067660238655356,0.062067660238655356,0.062067660238655356,0.5902512729676838,0.5902512729676838,0.5902512729676838
5,9ktkk,ttjjj,1010111111,prime,exact,exact,0.045222398179379404,0.045222398179379404,0.045222398179379404,0.6090987548730034,0.6090987548730034,0.6090987548730034
5,9qkjj,kkqkj,1313121311,prime,exact,exact,0.0362480343110742,0.0362480343110742,0.0362480343110742,0.5157584516631596,0.5157584516631596,0.5157584516631596
5,9qkjj,kkqtj,1313121011,prime,exact,exact,0.12625575454863064,0.12625575454863064,0.12625575454863064,0.803597103829479,0.803597103829479,0.803597103829479
5,9qkjj,kkjtj,1313111011,prime,exact,exact,0.050924917164036035,0.050924917164036035,0.050924917164036035,0.5873170260010873,0.5873170260010873,0.5873170260010873
5,9qkjj,kqkqj,1312131211,prime,exact,exact,0.059798002944799235,0.059798002944799235,0.059798002944799235,0.6719052712246133,0.6719052712246133,0.6719052712246133
5,9qkjj,kqjjj,1312111111,prime,exact,exact,0.019325151417753213,0.019325151417753213,0.019325151417753213,0.34312577398226857,0.34312577398226857,0.34312577398226857
5,9qkjj,kqtkk,1312101313,prime,exact,exact,0.053382962137082345,0.053382962137082345,0.053382962137082345,0.5728959685284132,0.5728959685284132,0.5728959685284132
5,9qkjj,kqttk,1312101013,prime,exact,exact,0.10664034924306696,0.10664034924306696,0.10664034924306696,0.7919260224989096,0.7919260224989096,0.7919260224989096
5,9qkjj,kjkjj,1311131111,prime,exact,exact,0.009076840494579396,0.009076840494579396,0.009076840494579396,0.2512090169492325,0.2512090169492325,0.2512090169492325
5,9qkjj,kjjkk,1311111313,prime,exact,exact,0.012342185730847402,0.012342185730847402,0.012342185730847402,0.3156521851927411,0.3156521851927411,0.3156521851927411
5,9qkjj,kttqj,1310101211,prime,exact,exact,0.15576968627132032,0.15576968627132032,0.15576968627132032,0.864829125164331,0.864829125164331,0.864829125164331
5,9qkjj,qkkkk,1213131313,prime,exact,exact,0.009091957833636193,0.009091957833636193,0.009091957833636193,0.23360648488271857,0.23360648488271857,0.23360648488271857
5,9qkjj,qqkqk,1212131213,prime,exact,exact,0.023302256547024735,0.023302256547024735,0.023302256547024735,0.4424500856718667,0.4424500856718667,0.4424500856718667
5,9qkjj,qjqtk,1211121013,prime,exact,exact,0.12625575454863064,0.12625575454863064,0.12625575454863064,0.803597103829479,0.803597103829479,0.803597103829479
5,9qkjj,jqqqj,1112121211,prime,exact,exact,0.012342185730847402,0.012342185730847402,0.012342185730847402,0.3156521851927411,0.3156521851927411,0.3156521851927411
5,9qkjj,jjtkj,1111101311,prime,exact,exact,0.02293927872689096,0.02293927872689096,0.02293927872689096,0.3586615680773367,0.3586615680773367,0.3586615680773367
5,9qkjj,tqttj,1012101011,prime,exact,exact,0.06818908004966809,0.06818908004966809,0.06818908004966809,0.6860399921091923,0.6860399921091923,0.6860399921091923
5,9qkjj,ttjjj,1010111111,prime,exact,exact,0.01477607731899161,0.01477607731899161,0.01477607731899161,0.31714392519837786,0.31714392519837786,0.31714392519837786
5,9qkjj,9ktkk,913101313,prime,exact,exact,0.04747386900455153,0.04747386900455153,0.04747386900455153,0.548148910705096,0.548148910705096,0.548148910705096
5,9qqkk,kkqkj,1313121311,prime,exact,exact,0.01757154008716484,0.01757154008716484,0.01757154008716484,0.32283810990560846,0.32283810990560846,0.32283810990560846
5,9qqkk,kkqtj,1313121011,prime,exact,exact,0.08958003195261492,0.08958003195261492,0.08958003195261492,0.6871288560729214,0.6871288560729214,0.6871288560729214
5,9qqkk,kkjtj,1313111011,prime,exact,exact,0.07559591935124248,0.07559591935124248,0.07559591935124248,0.6765474886291676,0.6765474886291676,0.6765474886291676
5,9qqkk,kqkqj,1312131211,prime,exact,exact,0.028356783323426518,0.028356783323426518,0.028356783323426518,0.441853389669612,0.441853389669612,0.441853389669612
5,9qqkk,kqjjj,1312111111,prime,exact,exact,0.05490852194068812,0.05490852194068812,0.05490852194068812,0.6477646558191085,0.6477646558191085,0.6477646558191085
5,9qqkk,kqtkk,1312101313,prime,exact,exact,0.01757154008716484,0.01757154008716484,0.01757154008716484,0.32283810990560846,0.32283810990560846,0.32283810990560846
5,9qqkk,kqttk,1312101013,prime,exact,exact,0.052164635976355726,0.052164635976355726,0.052164635976355726,0.6176570803910566,0.6176570803910566,0.6176570803910566
5,9qqkk,kjkjj,1311131111,prime,exact,exact,0.025932673542907295,0.025932673542907295,0.025932673542907295,0.4728815817868569,0.4728815817868569,0.4728815817868569
5,9qqkk,kjjkk,1311111313,prime,exact,exact,0.01477607731899161,0.01477607731899161,0.01477607731899161,0.31714392519837786,0.31714392519837786,0.31714392519837786
5,9qqkk,kttqj,1310101211,prime,exact,exact,0.146304991106501,0.146304991106501,0.146304991106501,0.8457061806868771,0.8457061806868771,0.8457061806868771
5,9qqkk,qkkkk,1213131313,prime,exact,exact,0.0014939832236903617,0.0014939832236903617,0.0014939832236903617,0.0662332562502727,0.0662332562502727,0.0662332562502727
5,9qqkk,qqkqk,1212131213,prime,exact,exact,0.004178822640177388,0.004178822640177388,0.004178822640177388,0.15454426458396964,0.15454426458396964,0.15454426458396964
5,9qqkk,qjqtk,1211121013,prime,exact,exact,0.08958003195261492,0.08958003195261492,0.08958003195261492,0.6871288560729214,0.6871288560729214,0.6871288560729214
5,9qqkk,jqqqj,1112121211,prime,exact,exact,0.01477607731899161,0.01477607731899161,0.01477607731899161,0.31714392519837786,0.31714392519837786,0.31714392519837786
5,9qqkk,jjtkj,1111101311,prime,exact,exact,0.07860964577566942,0.07860964577566942,0.07860964577566942,0.7020752285074463,0.7020752285074463,0.7020752285074463
5,9qqkk,tqttj,1012101011,prime,exact,exact,0.07860964577566942,0.07860964577566942,0.07860964577566942,0.7020752285074463,0.7020752285074463,0.7020752285074463
5,9qqkk,ttjjj,1010111111,prime,exact,exact,0.06619352662106272,0.06619352662106272,0.06619352662106272,0.6912723186120804,0.6912723186120804,0.6912723186120804
5,9qqkk,9ktkk,913101313,prime,exact,exact,0.02007513382919457,0.02007513382919457,0.02007513382919457,0.3369420434005724,0.3369420434005724,0.3369420434005724
5,9qqkk,9qkjj,912131111,prime,exact,exact,0.11560121769800576,0.11560121769800576,0.11560121769800576,0.8089353959454996,0.8089353959454996,0.8089353959454996
5,9jkkk,kkqkj,1313121311,prime,exact,exact,0.006093033466863257,0.006093033466863257,0.006093033466863257,0.1414084283057624,0.1414084283057624,0.1414084283057624
5,9jkkk,kkqtj,1313121011,prime,exact,exact,0.05541343558883321,0.05541343558883321,0.05541343558883321,0.5260303721101848,0.5260303721101848,0.5260303721101848
5,9jkkk,kkjtj,1313111011,prime,exact,exact,0.022685646964555172,0.022685646964555172,0.022685646964555172,0.3813228423551736,0.3813228423551736,0.3813228423551736
5,9jkkk,kqkqj,1312131211,prime,exact,exact,0.030638790116811854,0.030638790116811854,0.030638790116811854,0.45236376353789853,0.45236376353789853,0.45236376353789853
5,9jkkk,kqjjj,1312111111,prime,exact,exact,0.028356783323426518,0.028356783323426518,0.028356783323426518,0.441853389669612,0.441853389669612,0.441853389669612
5,9jkkk,kqtkk,1312101313,prime,exact,exact,0.007380109162709536,0.007380109162709536,0.007380109162709536,0.15025580266646632,0.15025580266646632,0.15025580266646632
5,9jkkk,kqttk,1312101013,prime,exact,exact,0.03621471149204098,0.03621471149204098,0.03621471149204098,0.4710984681489503,0.4710984681489503,0.4710984681489503
5,9jkkk,kjkjj,1311131111,prime,exact,exact,0.004178822640177388,0.004178822640177388,0.004178822640177388,0.15454426458396964,0.15454426458396964,0.15454426458396964
5,9jkkk,kjjkk,1311111313,prime,exact,exact,0.0021651930778121184,0.0021651930778121184,0.0021651930778121184,0.08831100833369693,0.08831100833369693,0.08831100833369693
5,9jkkk,kttqj,1310101211,prime,exact,exact,0.13090056147226323,0.13090056147226323,0.13090056147226323,0.8062828482842023,0.8062828482842023,0.8062828482842023
5,9jkkk,qkkkk,1213131313,prime,exact,exact,0.0,0.0,0.0,0.0,0.0,0.0
5,9jkkk,qqkqk,1212131213,prime,exact,exact,0.0107095131127134,0.0107095131127134,0.0107095131127134,0.2834306010709868,0.2834306010709868,0.2834306010709868
5,9jkkk,qjqtk,1211121013,prime,exact,exact,0.13090056147226323,0.13090056147226323,0.13090056147226323,0.8062828482842023,0.8062828482842023,0.8062828482842023
5,9jkkk,jqqqj,1112121211,prime,exact,exact,0.045222398179379404,0.045222398179379404,0.045222398179379404,0.6090987548730034,0.6090987548730034,0.6090987548730034
5,9jkkk,jjtkj,1111101311,prime,exact,exact,0.028356783323426518,0.028356783323426518,0.028356783323426518,0.441853389669612,0.441853389669612,0.441853389669612
5,9jkkk,tqttj,1012101011,prime,exact,exact,0.09680535607067219,0.09680535607067219,0.09680535607067219,0.7395252644827234,0.7395252644827234,0.7395252644827234
5,9jkkk,ttjjj,1010111111,prime,exact,exact,0.03557753586114335,0.03557753586114335,0.03557753586114335,0.5236007419785071,0.5236007419785071,0.5236007419785071
5,9jkkk,9ktkk,913101313,prime,exact,exact,0.0052341326909662025,0.0052341326909662025,0.0052341326909662025,0.12990194134500296,0.12990194134500296,0.12990194134500296
5,9jkkk,9qkjj,912131111,prime,exact,exact,0.08149414521202031,0.08149414521202031,0.08149414521202031,0.6953596590011883,0.6953596590011883,0.6953596590011883
5,9jkkk,9qqkk,912121313,prime,exact,exact,0.026882165531968406,0.026882165531968406,0.026882165531968406,0.4265723560495173,0.4265723560495173,0.4265723560495173
5,9jqkk,kkqkj,1313121311,prime,exact,exact,0.019325151417753213,0.019325151417753213,0.019325151417753213,0.34312577398226857,0.34312577398226857,0.34312577398226857
5,9jqkk,kkqtj,1313121011,prime,exact,exact,0.09638641175947414,0.09638641175947414,0.09638641175947414,0.7115445715833618,0.7115445715833618,0.7115445715833618
5,9jqkk,kkjtj,1313111011,prime,exact,exact,0.050924917164036035,0.050924917164036035,0.050924917164036035,0.5873170260010873,0.5873170260010873,0.5873170260010873
5,9jqkk,kqkqj,1312131211,prime,exact,exact,0.04376793231106787,0.04376793231106787,0.04376793231106787,0.5703305631836545,0.5703305631836545,0.5703305631836545
5,9jqkk,kqjjj,1312111111,prime,exact,exact,0.0362480343110742,0.0362480343110742,0.0362480343110742,0.5157584516631596,0.5157584516631596,0.5157584516631596
5,9jqkk,kqtkk,1312101313,prime,exact,exact,0.02293927872689096,0.02293927872689096,0.02293927872689096,0.3586615680773367,0.3586615680773367,0.3586615680773367
5,9jqkk,kqttk,1312101013,prime,exact,exact,0.06529140143388303,0.06529140143388303,0.06529140143388303,0.6590321361733728,0.6590321361733728,0.6590321361733728
5,9jqkk,kjkjj,1311131111,prime,exact,exact,0.012342185730847402,0.012342185730847402,0.012342185730847402,0.3156521851927411,0.3156521851927411,0.3156521851927411
5,9jqkk,kjjkk,1311111313,prime,exact,exact,0.009076840494579396,0.009076840494579396,0.009076840494579396,0.2512090169492325,0.2512090169492325,0.2512090169492325
5,9jqkk,kttqj,1310101211,prime,exact,exact,0.15576968627132032,0.15576968627132032,0.15576968627132032,0.864829125164331,0.864829125164331,0.864829125164331
5,9jqkk,qkkkk,1213131313,prime,exact,exact,0.002038207429735029,0.002038207429735029,0.002038207429735029,0.07697378429085747,0.07697378429085747,0.07697378429085747
5,9jqkk,qqkqk,1212131213,prime,exact,exact,0.012342185730847402,0.012342185730847402,0.012342185730847402,0.3156521851927411,0.3156521851927411,0.3156521851927411
5,9jqkk,qjqtk,1211121013,prime,exact,exact,0.12625575454863064,0.12625575454863064,0.12625575454863064,0.803597103829479,0.803597103829479,0.803597103829479
5,9jqkk,jqqqj,1112121211,prime,exact,exact,0.023302256547024735,0.023302256547024735,0.023302256547024735,0.4424500856718667,0.4424500856718667,0.4424500856718667
5,9jqkk,jjtkj,1111101311,prime,exact,exact,0.042324719563594335,0.042324719563594335,0.042324719563594335,0.5324969369212137,0.5324969369212137,0.5324969369212137
5,9jqkk,tqttj,1012101011,prime,exact,exact,0.08425214811585671,0.08425214811585671,0.08425214811585671,0.7238290599039323,0.7238290599039323,0.7238290599039323
5,9jqkk,ttjjj,1010111111,prime,exact,exact,0.03557753586114335,0.03557753586114335,0.03557753586114335,0.5236007419785071,0.5236007419785071,0.5236007419785071
5,9jqkk,9ktkk,913101313,prime,exact,exact,0.02007513382919457,0.02007513382919457,0.02007513382919457,0.3369420434005724,0.3369420434005724,0.3369420434005724
5,9jqkk,9qkjj,912131111,prime,exact,exact,0.09919393429983152,0.09919393429983152,0.09919393429983152,0.7649846393310882,0.7649846393310882,0.7649846393310882
5,9jqkk,9qqkk,912121313,prime,exact,exact,0.038926970485802584,0.038926970485802584,0.038926970485802584,0.546160354573821,0.546160354573821,0.546160354573821
5,9jqkk,9jkkk,911131313,prime,exact,exact,0.016899066987893088,0.016899066987893088,0.016899066987893088,0.32212714365595485,0.32212714365595485,0.32212714365595485
5,9jtkk,kkqkj,1313121311,prime,exact,exact,0.02293927872689096,0.02293927872689096,0.02293927872689096,0.3586615680773367,0.3586615680773367,0.3586615680773367
5,9jtkk,kkqtj,1313121011,prime,exact,exact,0.09638641175947414,0.09638641175947414,0.09638641175947414,0.7115445715833618,0.7115445715833618,0.7115445715833618
5,9jtkk,kkjtj,1313111011,prime,exact,exact,0.04376793231106787,0.04376793231106787,0.04376793231106787,0.5703305631836545,0.5703305631836545,0.5703305631836545
5,9jtkk,kqkqj,1312131211,prime,exact,exact,0.06529140143388303,0.06529140143388303,0.06529140143388303,0.6590321361733728,0.6590321361733728,0.6590321361733728
5,9jtkk,kqjjj,1312111111,prime,exact,exact,0.042324719563594335,0.042324719563594335,0.042324719563594335,0.5324969369212137,0.5324969369212137,0.5324969369212137
5,9jtkk,kqtkk,1312101313,prime,exact,exact,0.02293927872689096,0.02293927872689096,0.02293927872689096,0.3586615680773367,0.3586615680773367,0.3586615680773367
5,9jtkk,kqttk,1312101013,prime,exact,exact,0.050924917164036035,0.050924917164036035,0.050924917164036035,0.5873170260010873,0.5873170260010873,0.5873170260010873
5,9jtkk,kjkjj,1311131111,prime,exact,exact,0.012342185730847402,0.012342185730847402,0.012342185730847402,0.3156521851927411,0.3156521851927411,0.3156521851927411
5,9jtkk,kjjkk,1311111313,prime,exact,exact,0.009076840494579396,0.009076840494579396,0.009076840494579396,0.2512090169492325,0.2512090169492325,0.2512090169492325
5,9jtkk,kttqj,1310101211,prime,exact,exact,0.12625575454863064,0.12625575454863064,0.12625575454863064,0.803597103829479,0.803597103829479,0.803597103829479
5,9jtkk,qkkkk,1213131313,prime,exact,exact,0.0024766102623821227,0.0024766102623821227,0.0024766102623821227,0.08204570031002249,0.08204570031002249,0.08204570031002249
5,9jtkk,qqkqk,1212131213,prime,exact,exact,0.025932673542907295,0.025932673542907295,0.025932673542907295,0.4728815817868569,0.4728815817868569,0.4728815817868569
5,9jtkk,qjqtk,1211121013,prime,exact,exact,0.15576968627132032,0.15576968627132032,0.15576968627132032,0.864829125164331,0.864829125164331,0.864829125164331
5,9jtkk,jqqqj,1112121211,prime,exact,exact,0.045222398179379404,0.045222398179379404,0.045222398179379404,0.6090987548730034,0.6090987548730034,0.6090987548730034
5,9jtkk,jjtkj,1111101311,prime,exact,exact,0.0362480343110742,0.0362480343110742,0.0362480343110742,0.5157584516631596,0.5157584516631596,0.5157584516631596
5,9jtkk,tqttj,1012101011,prime,exact,exact,0.053382962137082345,0.053382962137082345,0.053382962137082345,0.5728959685284132,0.5728959685284132,0.5728959685284132
5,9jtkk,ttjjj,1010111111,prime,exact,exact,0.023302256547024735,0.023302256547024735,0.023302256547024735,0.4424500856718667,0.4424500856718667,0.4424500856718667
5,9jtkk,9ktkk,913101313,prime,exact,exact,0.016899066987893088,0.016899066987893088,0.016899066987893088,0.32212714365595485,0.32212714365595485,0.32212714365595485
5,9jtkk,9qkjj,912131111,prime,exact,exact,0.11381126299367368,0.11381126299367368,0.11381126299367368,0.7806741574542339,0.7806741574542339,0.7806741574542339
5,9jtkk,9qqkk,912121313,prime,exact,exact,0.058276483380257954,0.058276483380257954,0.058276483380257954,0.6335867493773469,0.6335867493773469,0.6335867493773469
5,9jtkk,9jkkk,911131313,prime,exact,exact,0.016899066987893088,0.016899066987893088,0.016899066987893088,0.32212714365595485,0.32212714365595485,0.32212714365595485
5,9jtkk,9jqkk,911121313,prime,exact,exact,0.08626486869042577,0.08626486869042577,0.08626486869042577,0.6855977636620768,0.6855977636620768,0.6855977636620768
5,9tqjj,kkqkj,1313121311,prime,exact,exact,0.06818908004966809,0.06818908004966809,0.06818908004966809,0.6860399921091923,0.6860399921091923,0.6860399921091923
5,9tqjj,kkqtj,1313121011,prime,exact,exact,0.15576968627132032,0.15576968627132032,0.15576968627132032,0.864829125164331,0.864829125164331,0.864829125164331
5,9tqjj,kkjtj,1313111011,prime,exact,exact,0.06529140143388303,0.06529140143388303,0.06529140143388303,0.6590321361733728,0.6590321361733728,0.6590321361733728
5,9tqjj,kqkqj,1312131211,prime,exact,exact,0.08687113616088818,0.08687113616088818,0.08687113616088818,0.7552877255656609,0.7552877255656609,0.7552877255656609
5,9tqjj,kqjjj,1312111111,prime,exact,exact,0.02293927872689096,0.02293927872689096,0.02293927872689096,0.3586615680773367,0.3586615680773367,0.3586615680773367
5,9tqjj,kqtkk,1312101313,prime,exact,exact,0.08425214811585671,0.08425214811585671,0.08425214811585671,0.7238290599039323,0.7238290599039323,0.7238290599039323
5,9tqjj,kqttk,1312101013,prime,exact,exact,0.10664034924306696,0.10664034924306696,0.10664034924306696,0.7919260224989096,0.7919260224989096,0.7919260224989096
5,9tqjj,kjkjj,1311131111,prime,exact,exact,0.01477607731899161,0.01477607731899161,0.01477607731899161,0.31714392519837786,0.31714392519837786,0.31714392519837786
5,9tqjj,kjjkk,1311111313,prime,exact,exact,0.025932673542907295,0.025932673542907295,0.025932673542907295,0.4728815817868569,0.4728815817868569,0.4728815817868569
5,9tqjj,kttqj,1310101211,prime,exact,exact,0.12625575454863064,0.12625575454863064,0.12625575454863064,0.803597103829479,0.803597103829479,0.803597103829479
5,9tqjj,qkkkk,1213131313,prime,exact,exact,0.02417906221231892,0.02417906221231892,0.02417906221231892,0.42650977818306235,0.42650977818306235,0.42650977818306235
5,9tqjj,qqkqk,1212131213,prime,exact,exact,0.03557753586114335,0.03557753586114335,0.03557753586114335,0.5236007419785071,0.5236007419785071,0.5236007419785071
5,9tqjj,qjqtk,1211121013,prime,exact,exact,0.12625575454863064,0.12625575454863064,0.12625575454863064,0.803597103829479,0.803597103829479,0.803597103829479
5,9tqjj,jqqqj,1112121211,prime,exact,exact,0.012342185730847402,0.012342185730847402,0.012342185730847402,0.3156521851927411,0.3156521851927411,0.3156521851927411
5,9tqjj,jjtkj,1111101311,prime,exact,exact,0.02293927872689096,0.02293927872689096,0.02293927872689096,0.3586615680773367,0.3586615680773367,0.3586615680773367
5,9tqjj,tqttj,1012101011,prime,exact,exact,0.0362480343110742,0.0362480343110742,0.0362480343110742,0.5157584516631596,0.5157584516631596,0.5157584516631596
5,9tqjj,ttjjj,1010111111,prime,exact,exact,0.009076840494579396,0.009076840494579396,0.009076840494579396,0.2512090169492325,0.2512090169492325,0.2512090169492325
5,9tqjj,9ktkk,913101313,prime,exact,exact,0.07566151502923953,0.07566151502923953,0.07566151502923953,0.700465673172242,0.700465673172242,0.700465673172242
5,9tqjj,9qkjj,912131111,prime,exact,exact,0.08626486869042577,0.08626486869042577,0.08626486869042577,0.6855977636620768,0.6855977636620768,0.6855977636620768
5,9tqjj,9qqkk,912121313,prime,exact,exact,0.09606193798743944,0.09606193798743944,0.09606193798743944,0.7691698818269742,0.7691698818269742,0.7691698818269742
5,9tqjj,9jkkk,911131313,prime,exact,exact,0.061091451841971095,0.061091451841971095,0.061091451841971095,0.6624367995098749,0.6624367995098749,0.6624367995098749
5,9tqjj,9jqkk,911121313,prime,exact,exact,0.1409612346681659,0.1409612346681659,0.1409612346681659,0.8438305000934622,0.8438305000934622,0.8438305000934622
5,9tqjj,9jtkk,911101313,prime,exact,exact,0.1409612346681659,0.1409612346681659,0.1409612346681659,0.8438305000934622,0.8438305000934622,0.8438305000934622
5,9tqtj,kkqkj,1313121311,prime,exact,exact,0.08425214811585671,0.08425214811585671,0.08425214811585671,0.7238290599039323,0.7238290599039323,0.7238290599039323
5,9tqtj,kkqtj,1313121011,prime,exact,exact,0.15576968627132032,0.15576968627132032,0.15576968627132032,0.864829125164331,0.864829125164331,0.864829125164331
5,9tqtj,kkjtj,1313111011,prime,exact,exact,0.08687113616088818,0.08687113616088818,0.08687113616088818,0.7552877255656609,0.7552877255656609,0.7552877255656609
5,9tqtj,kqkqj,1312131211,prime,exact,exact,0.10664034924306696,0.10664034924306696,0.10664034924306696,0.7919260224989096,0.7919260224989096,0.7919260224989096
5,9tqtj,kqjjj,1312111111,prime,exact,exact,0.053382962137082345,0.053382962137082345,0.053382962137082345,0.5728959685284132,0.5728959685284132,0.5728959685284132
5,9tqtj,kqtkk,1312101313,prime,exact,exact,0.06818908004966809,0.06818908004966809,0.06818908004966809,0.6860399921091923,0.6860399921091923,0.6860399921091923
5,9tqtj,kqttk,1312101013,prime,exact,exact,0.06529140143388303,0.06529140143388303,0.06529140143388303,0.6590321361733728,0.6590321361733728,0.6590321361733728
5,9tqtj,kjkjj,1311131111,prime,exact,exact,0.03557753586114335,0.03557753586114335,0.03557753586114335,0.5236007419785071,0.5236007419785071,0.5236007419785071
5,9tqtj,kjjkk,1311111313,prime,exact,exact,0.045222398179379404,0.045222398179379404,0.045222398179379404,0.6090987548730034,0.6090987548730034,0.6090987548730034
5,9tqtj,kttqj,1310101211,prime,exact,exact,0.09638641175947414,0.09638641175947414,0.09638641175947414,0.7115445715833618,0.7115445715833618,0.7115445715833618
5,9tqtj,qkkkk,1213131313,prime,exact,exact,0.02417906221231892,0.02417906221231892,0.02417906221231892,0.42650977818306235,0.42650977818306235,0.42650977818306235
5,9tqtj,qqkqk,1212131213,prime,exact,exact,0.03557753586114335,0.03557753586114335,0.03557753586114335,0.5236007419785071,0.5236007419785071,0.5236007419785071
5,9tqtj,qjqtk,1211121013,prime,exact,exact,0.12625575454863064,0.12625575454863064,0.12625575454863064,0.803597103829479,0.803597103829479,0.803597103829479
5,9tqtj,jqqqj,1112121211,prime,exact,exact,0.023302256547024735,0.023302256547024735,0.023302256547024735,0.4424500856718667,0.4424500856718667,0.4424500856718667
5,9tqtj,jjtkj,1111101311,prime,exact,exact,0.042324719563594335,0.042324719563594335,0.042324719563594335,0.5324969369212137,0.5324969369212137,0.5324969369212137
5,9tqtj,tqttj,1012101011,prime,exact,exact,0.019325151417753213,0.019325151417753213,0.019325151417753213,0.34312577398226857,0.34312577398226857,0.34312577398226857
5,9tqtj,ttjjj,1010111111,prime,exact,exact,0.012342185730847402,0.012342185730847402,0.012342185730847402,0.3156521851927411,0.3156521851927411,0.3156521851927411
5,9tqtj,9ktkk,913101313,prime,exact,exact,0.061091451841971095,0.061091451841971095,0.061091451841971095,0.6624367995098749,0.6624367995098749,0.6624367995098749
5,9tqtj,9qkjj,912131111,prime,exact,exact,0.1390279286582994,0.1390279286582994,0.1390279286582994,0.8168427907378478,0.8168427907378478,0.8168427907378478
5,9tqtj,9qqkk,912121313,prime,exact,exact,0.09606193798743944,0.09606193798743944,0.09606193798743944,0.7691698818269742,0.7691698818269742,0.7691698818269742
5,9tqtj,9jkkk,911131313,prime,exact,exact,0.07566151502923953,0.07566151502923953,0.07566151502923953,0.700465673172242,0.700465673172242,0.700465673172242
5,9tqtj,9jqkk,911121313,prime,exact,exact,0.17073624311663874,0.17073624311663874,0.17073624311663874,0.8763564830973434,0.8763564830973434,0.8763564830973434
5,9tqtj,9jtkk,911101313,prime,exact,exact,0.1409612346681659,0.1409612346681659,0.1409612346681659,0.8438305000934622,0.8438305000934622,0.8438305000934622
5,9tqtj,9tqjj,910121111,prime,exact,exact,0.09919393429983152,0.09919393429983152,0.09919393429983152,0.7649846393310882,0.7649846393310882,0.7649846393310882
5,9tttj,kkqkj,1313121311,prime,exact,exact,0.09680535607067219,0.09680535607067219,0.09680535607067219,0.7395252644827234,0.7395252644827234,0.7395252644827234
5,9tttj,kkqtj,1313121011,prime,exact,exact,0.13090056147226323,0.13090056147226323,0.13090056147226323,0.8062828482842023,0.8062828482842023,0.8062828482842023
5,9tttj,kkjtj,1313111011,prime,exact,exact,0.061711502367294196,0.061711502367294196,0.061711502367294196,0.6692883330432962,0.6692883330432962,0.6692883330432962
5,9tttj,kqkqj,1312131211,prime,exact,exact,0.14997885902589397,0.14997885902589397,0.14997885902589397,0.8661039348009871,0.8661039348009871,0.8661039348009871
5,9tttj,kqjjj,1312111111,prime,exact,exact,0.062067660238655356,0.062067660238655356,0.062067660238655356,0.5902512729676838,0.5902512729676838,0.5902512729676838
5,9tttj,kqtkk,1312101313,prime,exact,exact,0.05544445182059789,0.05544445182059789,0.05544445182059789,0.6151610312699366,0.6151610312699366,0.6151610312699366
5,9tttj,kqttk,1312101013,prime,exact,exact,0.03621471149204098,0.03621471149204098,0.03621471149204098,0.4710984681489503,0.4710984681489503,0.4710984681489503
5,9tttj,kjkjj,1311131111,prime,exact,exact,0.03557753586114335,0.03557753586114335,0.03557753586114335,0.5236007419785071,0.5236007419785071,0.5236007419785071
5,9tttj,kjjkk,1311111313,prime,exact,exact,0.045222398179379404,0.045222398179379404,0.045222398179379404,0.6090987548730034,0.6090987548730034,0.6090987548730034
5,9tttj,kttqj,1310101211,prime,exact,exact,0.05541343558883321,0.05541343558883321,0.05541343558883321,0.5260303721101848,0.5260303721101848,0.5260303721101848
5,9tttj,qkkkk,1213131313,prime,exact,exact,0.028356783323426518,0.028356783323426518,0.028356783323426518,0.441853389669612,0.441853389669612,0.441853389669612
5,9tttj,qqkqk,1212131213,prime,exact,exact,0.06619352662106272,0.06619352662106272,0.06619352662106272,0.6912723186120804,0.6912723186120804,0.6912723186120804
5,9tttj,qjqtk,1211121013,prime,exact,exact,0.13090056147226323,0.13090056147226323,0.13090056147226323,0.8062828482842023,0.8062828482842023,0.8062828482842023
5,9tttj,jqqqj,1112121211,prime,exact,exact,0.045222398179379404,0.045222398179379404,0.045222398179379404,0.6090987548730034,0.6090987548730034,0.6090987548730034
5,9tttj,jjtkj,1111101311,prime,exact,exact,0.028356783323426518,0.028356783323426518,0.028356783323426518,0.441853389669612,0.441853389669612,0.441853389669612
5,9tttj,tqttj,1012101011,prime,exact,exact,0.006093033466863257,0.006093033466863257,0.006093033466863257,0.1414084283057624,0.1414084283057624,0.1414084283057624
5,9tttj,ttjjj,1010111111,prime,exact,exact,0.004178822640177388,0.004178822640177388,0.004178822640177388,0.15454426458396964,0.15454426458396964,0.15454426458396964
5,9tttj,9ktkk,913101313,prime,exact,exact,0.04263414174581583,0.04263414174581583,0.04263414174581583,0.5749269184149568,0.5749269184149568,0.5749269184149568
5,9tttj,9qkjj,912131111,prime,exact,exact,0.15852760134500285,0.15852760134500285,0.15852760134500285,0.8315654447182882,0.8315654447182882,0.8315654447182882
5,9tttj,9qqkk,912121313,prime,exact,exact,0.1358769642832701,0.1358769642832701,0.1358769642832701,0.8458332917986036,0.8458332917986036,0.8458332917986036
5,9tttj,9jkkk,911131313,prime,exact,exact,0.07566151502923953,0.07566151502923953,0.07566151502923953,0.700465673172242,0.700465673172242,0.700465673172242
5,9tttj,9jqkk,911121313,prime,exact,exact,0.19368280481415076,0.19368280481415076,0.19368280481415076,0.8893462645522294,0.8893462645522294,0.8893462645522294
5,9tttj,9jtkk,911101313,prime,exact,exact,0.1026824625337103,0.1026824625337103,0.1026824625337103,0.7657469629385277,0.7657469629385277,0.7657469629385277
5,9tttj,9tqjj,910121111,prime,exact,exact,0.08149414521202031,0.08149414521202031,0.08149414521202031,0.6953596590011883,0.6953596590011883,0.6953596590011883
5,9tttj,9tqtj,910121011,prime,exact,exact,0.04134741148003533,0.04134741148003533,0.04134741148003533,0.47800469843620313,0.47800469843620313,0.47800469843620313
6,kkkqqj,kkkktj,131313131011,prime,exact,exact,0.0,0.0,0.0,0.0,0.0,0.0
6,kkkttj,kkkktj,131313131011,prime,exact,exact,0.0,0.0,0.0,0.0,0.0,0.0
6,kkkttj,kkkqqj,131313121211,prime,exact,exact,0.0018224741088421594,0.0018224741088421594,0.0018224741088421594,0.10775477377859681,0.10775477377859681,0.10775477377859681
6,kkqqqj,kkkktj,131313131011,prime,exact,exact,0.0011895345665358433,0.0011895345665358433,0.0011895345665358433,0.07319832594931858,0.07319832594931858,0.07319832594931858
6,kkqqqj,kkkqqj,131313121211,prime,exact,exact,0.0003843705369215116,0.0003843705369215116,0.0003843705369215116,0.03908358814768344,0.03908358814768344,0.03908358814768344
6,kkqqqj,kkkttj,131313101011,prime,exact,exact,0.00763409662714078,0.00763409662714078,0.00763409662714078,0.29274293335552554,0.29274293335552554,0.29274293335552554
6,kkqqtj,kkkktj,131313131011,prime,exact,exact,0.0009705675902297549,0.0009705675902297549,0.0009705675902297549,0.06856037065906606,0.06856037065906606,0.06856037065906606
6,kkqqtj,kkkqqj,131313121211,prime,exact,exact,0.0020744890434713404,0.0020744890434713404,0.0020744890434713404,0.14063272350283126,0.14063272350283126,0.14063272350283126
6,kkqqtj,kkkttj,131313101011,prime,exact,exact,0.004610289281963128,0.004610289281963128,0.004610289281963128,0.2306826744716705,0.2306826744716705,0.2306826744716705
6,kkqqtj,kkqqqj,131312121211,prime,exact,exact,0.0020744890434713404,0.0020744890434713404,0.0020744890434713404,0.14063272350283126,0.14063272350283126,0.14063272350283126
6,kkqjjj,kkkktj,131313131011,prime,exact,exact,0.0004720511034509303,0.0004720511034509303,0.0004720511034509303,0.04183691398665874,0.04183691398665874,0.04183691398665874
6,kkqjjj,kkkqqj,131313121211,prime,exact,exact,0.0020775125112826994,0.0020775125112826994,0.0020775125112826994,0.15245582857607815,0.15245582857607815,0.15245582857607815
6,kkqjjj,kkkttj,131313101011,prime,exact,exact,0.0034804015757533982,0.0034804015757533982,0.0034804015757533982,0.19650904199968294,0.19650904199968294,0.19650904199968294
6,kkqjjj,kkqqqj,131312121211,prime,exact,exact,0.003135726245258442,0.003135726245258442,0.003135726245258442,0.2091419487902755,0.2091419487902755,0.2091419487902755
6,kkqjjj,kkqqtj,131312121011,prime,exact,exact,0.01493626452402392,0.01493626452402392,0.01493626452402392,0.431763802722396,0.431763802722396,0.431763802722396
6,kkqtjj,kkkktj,131313131011,prime,exact,exact,0.0007048581249255937,0.0007048581249255937,0.0007048581249255937,0.05884275005091795,0.05884275005091795,0.05884275005091795
6,kkqtjj,kkkqqj,131313121211,prime,exact,exact,0.003465284236696602,0.003465284236696602,0.003465284236696602,0.2054168608904854,0.2054168608904854,0.2054168608904854
6,kkqtjj,kkkttj,131313101011,prime,exact,exact,0.003465284236696602,0.003465284236696602,0.003465284236696602,0.2054168608904854,0.2054168608904854,0.2054168608904854
6,kkqtjj,kkqqqj,131312121211,prime,exact,exact,0.004977018142376234,0.004977018142376234,0.004977018142376234,0.2669617914087568,0.2669617914087568,0.2669617914087568
6,kkqtjj,kkqqtj,131312121011,prime,exact,exact,0.019177753319880184,0.019177753319880184,0.019177753319880184,0.5031735905246966,0.5031735905246966,0.5031735905246966
6,kkqtjj,kkqjjj,131312111111,prime,exact,exact,0.0020744890434713404,0.0020744890434713404,0.0020744890434713404,0.14063272350283126,0.14063272350283126,0.14063272350283126
6,kkjkjk,kkkktj,131313131011,prime,exact,exact,0.0,0.0,0.0,0.0,0.0,0.0
6,kkjkjk,kkkqqj,131313121211,prime,exact,exact,0.0,0.0,0.0,0.0,0.0,0.0
6,kkjkjk,kkkttj,131313101011,prime,exact,exact,0.0,0.0,0.0,0.0,0.0,0.0
6,kkjkjk,kkqqqj,131312121211,prime,exact,exact,0.0009769702279479274,0.0009769702279479274,0.0009769702279479274,0.08443248431904132,0.08443248431904132,0.08443248431904132
6,kkjkjk,kkqqtj,131312121011,prime,exact,exact,0.004074983901755044,0.004074983901755044,0.004074983901755044,0.17122114291711568,0.17122114291711568,0.17122114291711568
6,kkjkjk,kkqjjj,131312111111,prime,exact,exact,0.0,0.0,0.0,0.0,0.0,0.0
6,kkjkjk,kkqtjj,131312101111,prime,exact,exact,0.0014565031364165263,0.0014565031364165263,0.0014565031364165263,0.07809394542236289,0.07809394542236289,0.07809394542236289
6,kkjqkj,kkkktj,131313131011,prime,exact,exact,0.0,0.0,0.0,0.0,0.0,0.0
6,kkjqkj,kkkqqj,131313121211,prime,exact,exact,0.0007441632064732641,0.0007441632064732641,0.0007441632064732641,0.06742664825478212,0.06742664825478212,0.06742664825478212
6,kkjqkj,kkkttj,131313101011,prime,exact,exact,0.0013246690262542428,0.0013246690262542428,0.0013246690262542428,0.09269246183596723,0.09269246183596723,0.09269246183596723
6,kkjqkj,kkqqqj,131312121211,prime,exact,exact,0.0015484056442948283,0.0015484056442948283,0.0015484056442948283,0.12411276846897948,0.12411276846897948,0.12411276846897948
6,kkjqkj,kkqqtj,131312121011,prime,exact,exact,0.009081151361452143,0.009081151361452143,0.009081151361452143,0.3184283714629716,0.3184283714629716,0.3184283714629716
6,kkjqkj,kkqjjj,131312111111,prime,exact,exact,0.0003843705369215116,0.0003843705369215116,0.0003843705369215116,0.03908358814768344,0.03908358814768344,0.03908358814768344
6,kkjqkj,kkqtjj,131312101111,prime,exact,exact,0.005573599271630175,0.005573599271630175,0.005573599271630175,0.22526436479924852,0.22526436479924852,0.22526436479924852
6,kkjqkj,kkjkjk,131311131113,prime,exact,exact,0.0,0.0,0.0,0.0,0.0,0.0
6,kqkktk,kkkktj,131313131011,prime,exact,exact,0.0,0.0,0.0,0.0,0.0,0.0
6,kqkktk,kkkqqj,131313121211,prime,exact,exact,0.0,0.0,0.0,0.0,0.0,0.0
6,kqkktk,kkkttj,131313101011,prime,exact,exact,0.0,0.0,0.0,0.0,0.0,0.0
6,kqkktk,kkqqqj,131312121211,prime,exact,exact,0.0004720511034509303,0.0004720511034509303,0.0004720511034509303,0.04183691398665874,0.04183691398665874,0.04183691398665874
6,kqkktk,kkqqtj,131312121011,prime,exact,exact,0.0031584386324670353,0.0031584386324670353,0.0031584386324670353,0.14571238882072687,0.14571238882072687,0.14571238882072687
6,kqkktk,kkqjjj,131312111111,prime,exact,exact,0.0013458333009337578,0.0013458333009337578,0.0013458333009337578,0.09836107385738696,0.09836107385738696,0.09836107385738696
6,kqkktk,kkqtjj,131312101111,prime,exact,exact,0.00457278898434296,0.00457278898434296,0.00457278898434296,0.18628345485974526,0.18628345485974526,0.18628345485974526
6,kqkktk,kkjkjk,131311131113,prime,exact,exact,0.0,0.0,0.0,0.0,0.0,0.0
6,kqkktk,kkjqkj,131311121311,prime,exact,exact,0.0,0.0,0.0,0.0,0.0,0.0
6,kqtqkk,kkkktj,131313131011,prime,exact,exact,0.0,0.0,0.0,0.0,0.0,0.0
6,kqtqkk,kkkqqj,131313121211,prime,exact,exact,0.0004720511034509303,0.0004720511034509303,0.0004720511034509303,0.04183691398665874,0.04183691398665874,0.04183691398665874
6,kqtqkk,kkkttj,131313101011,prime,exact,exact,0.001257441330213431,0.001257441330213431,0.001257441330213431,0.08394660328863392,0.08394660328863392,0.08394660328863392
6,kqtqkk,kkqqqj,131312121211,prime,exact,exact,0.0004720511034509303,0.0004720511034509303,0.0004720511034509303,0.04183691398665874,0.04183691398665874,0.04183691398665874
6,kqtqkk,kkqqtj,131312121011,prime,exact,exact,0.005573599271630175,0.005573599271630175,0.005573599271630175,0.22526436479924852,0.22526436479924852,0.22526436479924852
6,kqtqkk,kkqjjj,131312111111,prime,exact,exact,0.0041334706230069995,0.0041334706230069995,0.0041334706230069995,0.2334360003106458,0.2334360003106458,0.2334360003106458
6,kqtqkk,kkqtjj,131312101111,prime,exact,exact,0.012410140999356188,0.012410140999356188,0.012410140999356188,0.38081991286755895,0.38081991286755895,0.38081991286755895
6,kqtqkk,kkjkjk,131311131113,prime,exact,exact,0.0,0.0,0.0,0.0,0.0,0.0
6,kqtqkk,kkjqkj,131311121311,prime,exact,exact,0.0013246690262542428,0.0013246690262542428,0.0013246690262542428,0.09269246183596723,0.09269246183596723,0.09269246183596723
6,kqtqkk,kqkktk,131213131013,prime,exact,exact,0.0,0.0,0.0,0.0,0.0,0.0
6,kqtttk,kkkktj,131313131011,prime,exact,exact,0.0004720511034509303,0.0004720511034509303,0.0004720511034509303,0.04183691398665874,0.04183691398665874,0.04183691398665874
6,kqtttk,kkkqqj,131313121211,prime,exact,exact,0.005548987111866317,0.005548987111866317,0.005548987111866317,0.24234381920144824,0.24234381920144824,0.24234381920144824
6,kqtttk,kkkttj,131313101011,prime,exact,exact,0.0004720511034509303,0.0004720511034509303,0.0004720511034509303,0.04183691398665874,0.04183691398665874,0.04183691398665874
6,kqtttk,kkqqqj,131312121211,prime,exact,exact,0.007734032747686297,0.007734032747686297,0.007734032747686297,0.30653900988557825,0.30653900988557825,0.30653900988557825
6,kqtttk,kkqqtj,131312121011,prime,exact,exact,0.01493626452402392,0.01493626452402392,0.01493626452402392,0.431763802722396,0.431763802722396,0.431763802722396
6,kqtttk,kkqjjj,131312111111,prime,exact,exact,0.014167535706778027,0.014167535706778027,0.014167535706778027,0.4467819436622613,0.4467819436622613,0.4467819436622613
6,kqtttk,kkqtjj,131312101111,prime,exact,exact,0.01966052392583127,0.01966052392583127,0.01966052392583127,0.4957013292237342,0.4957013292237342,0.4957013292237342
6,kqtttk,kkjkjk,131311131113,prime,exact,exact,0.0007229989317937492,0.0007229989317937492,0.0007229989317937492,0.06175803623336238,0.06175803623336238,0.06175803623336238
6,kqtttk,kkjqkj,131311121311,prime,exact,exact,0.00763409662714078,0.00763409662714078,0.00763409662714078,0.29274293335552554,0.29274293335552554,0.29274293335552554
6,kqtttk,kqkktk,131213131013,prime,exact,exact,0.0003843705369215116,0.0003843705369215116,0.0003843705369215116,0.03908358814768344,0.03908358814768344,0.03908358814768344
6,kqtttk,kqtqkk,131210121313,prime,exact,exact,0.0020775125112826994,0.0020775125112826994,0.0020775125112826994,0.15245582857607815,0.15245582857607815,0.15245582857607815
6,kjjjtj,kkkktj,131313131011,prime,exact,exact,0.0003843705369215116,0.0003843705369215116,0.0003843705369215116,0.03908358814768344,0.03908358814768344,0.03908358814768344
6,kjjjtj,kkkqqj,131313121211,prime,exact,exact,0.0034804015757533982,0.0034804015757533982,0.0034804015757533982,0.19650904199968294,0.19650904199968294,0.19650904199968294
6,kjjjtj,kkkttj,131313101011,prime,exact,exact,0.0020775125112826994,0.0020775125112826994,0.0020775125112826994,0.15245582857607815,0.15245582857607815,0.15245582857607815
6,kjjjtj,kkqqqj,131312121211,prime,exact,exact,0.005397280168155172,0.005397280168155172,0.005397280168155172,0.2778131344211889,0.2778131344211889,0.2778131344211889
6,kjjjtj,kkqqtj,131312121011,prime,exact,exact,0.015944677943601465,0.015944677943601465,0.015944677943601465,0.44347648028873216,0.44347648028873216,0.44347648028873216
6,kjjjtj,kkqjjj,131312111111,prime,exact,exact,0.0,0.0,0.0,0.0,0.0,0.0
6,kjjjtj,kkqtjj,131312101111,prime,exact,exact,0.0031584386324670353,0.0031584386324670353,0.0031584386324670353,0.14571238882072687,0.14571238882072687,0.14571238882072687
6,kjjjtj,kkjkjk,131311131113,prime,exact,exact,0.0,0.0,0.0,0.0,0.0,0.0
6,kjjjtj,kkjqkj,131311121311,prime,exact,exact,0.0004720511034509303,0.0004720511034509303,0.0004720511034509303,0.04183691398665874,0.04183691398665874,0.04183691398665874
6,kjjjtj,kqkktk,131213131013,prime,exact,exact,0.005573599271630175,0.005573599271630175,0.005573599271630175,0.22526436479924852,0.22526436479924852,0.22526436479924852
6,kjjjtj,kqtqkk,131210121313,prime,exact,exact,0.01966052392583127,0.01966052392583127,0.01966052392583127,0.4957013292237342,0.4957013292237342,0.4957013292237342
6,kjjjtj,kqtttk,131210101013,prime,exact,exact,0.01493626452402392,0.01493626452402392,0.01493626452402392,0.431763802722396,0.431763802722396,0.431763802722396
6,kjjtkk,kkkktj,131313131011,prime,exact,exact,0.0,0.0,0.0,0.0,0.0,0.0
6,kjjtkk,kkkqqj,131313121211,prime,exact,exact,0.0013246690262542428,0.0013246690262542428,0.0013246690262542428,0.09269246183596723,0.09269246183596723,0.09269246183596723
6,kjjtkk,kkkttj,131313101011,prime,exact,exact,0.0007441632064732641,0.0007441632064732641,0.0007441632064732641,0.06742664825478212,0.06742664825478212,0.06742664825478212
6,kjjtkk,kkqqqj,131312121211,prime,exact,exact,0.0041334706230069995,0.0041334706230069995,0.0041334706230069995,0.2334360003106458,0.2334360003106458,0.2334360003106458
6,kjjtkk,kkqqtj,131312121011,prime,exact,exact,0.012410140999356188,0.012410140999356188,0.012410140999356188,0.38081991286755895,0.38081991286755895,0.38081991286755895
6,kjjtkk,kkqjjj,131312111111,prime,exact,exact,0.0004720511034509303,0.0004720511034509303,0.0004720511034509303,0.04183691398665874,0.04183691398665874,0.04183691398665874
6,kjjtkk,kkqtjj,131312101111,prime,exact,exact,0.005573599271630175,0.005573599271630175,0.005573599271630175,0.22526436479924852,0.22526436479924852,0.22526436479924852
6,kjjtkk,kkjkjk,131311131113,prime,exact,exact,0.0,0.0,0.0,0.0,0.0,0.0
6,kjjtkk,kkjqkj,131311121311,prime,exact,exact,0.0004720511034509303,0.0004720511034509303,0.0004720511034509303,0.04183691398665874,0.04183691398665874,0.04183691398665874
6,kjjtkk,kqkktk,131213131013,prime,exact,exact,0.0,0.0,0.0,0.0,0.0,0.0
6,kjjtkk,kqtqkk,131210121313,prime,exact,exact,0.0018224741088421594,0.0018224741088421594,0.0018224741088421594,0.10775477377859681,0.10775477377859681,0.10775477377859681
6,kjjtkk,kqtttk,131210101013,prime,exact,exact,0.0025077341957343503,0.0025077341957343503,0.0025077341957343503,0.14840681998934976,0.14840681998934976,0.14840681998934976
6,kjjtkk,kjjjtj,131111111011,prime,exact,exact,0.0003843705369215116,0.0003843705369215116,0.0003843705369215116,0.03908358814768344,0.03908358814768344,0.03908358814768344
6,kjtqtj,kkkktj,131313131011,prime,exact,exact,0.0026035959104592117,0.0026035959104592117,0.0026035959104592117,0.16897578360992996,0.16897578360992996,0.16897578360992996
6,kjtqtj,kkkqqj,131313121211,prime,exact,exact,0.00976850321918976,0.00976850321918976,0.00976850321918976,0.38243951630225026,0.38243951630225026,0.38243951630225026
6,kjtqtj,kkkttj,131313101011,prime,exact,exact,0.004977018142376234,0.004977018142376234,0.004977018142376234,0.2669617914087568,0.2669617914087568,0.2669617914087568
6,kjtqtj,kkqqqj,131312121211,prime,exact,exact,0.00976850321918976,0.00976850321918976,0.00976850321918976,0.38243951630225026,0.38243951630225026,0.38243951630225026
6,kjtqtj,kkqqtj,131312121011,prime,exact,exact,0.02712216358148654,0.02712216358148654,0.02712216358148654,0.6056724024392771,0.6056724024392771,0.6056724024392771
6,kjtqtj,kkqjjj,131312111111,prime,exact,exact,0.004610289281963128,0.004610289281963128,0.004610289281963128,0.2306826744716705,0.2306826744716705,0.2306826744716705
6,kjtqtj,kkqtjj,131312101111,prime,exact,exact,0.019177753319880184,0.019177753319880184,0.019177753319880184,0.5031735905246966,0.5031735905246966,0.5031735905246966
6,kjtqtj,kkjkjk,131311131113,prime,exact,exact,0.0009134774039093829,0.0009134774039093829,0.0009134774039093829,0.09010109634046105,0.09010109634046105,0.09010109634046105
6,kjtqtj,kkjqkj,131311121311,prime,exact,exact,0.006493376175296769,0.006493376175296769,0.006493376175296769,0.29417112911157156,0.29417112911157156,0.29417112911157156
6,kjtqtj,kqkktk,131213131013,prime,exact,exact,0.003475243895369315,0.003475243895369315,0.003475243895369315,0.19051650929132494,0.19051650929132494,0.19051650929132494
6,kjtqtj,kqtqkk,131210121313,prime,exact,exact,0.00976850321918976,0.00976850321918976,0.00976850321918976,0.38243951630225026,0.38243951630225026,0.38243951630225026
6,kjtqtj,kqtttk,131210101013,prime,exact,exact,0.004610289281963128,0.004610289281963128,0.004610289281963128,0.2306826744716705,0.2306826744716705,0.2306826744716705
6,kjtqtj,kjjjtj,131111111011,prime,exact,exact,0.0007048581249255937,0.0007048581249255937,0.0007048581249255937,0.05884275005091795,0.05884275005091795,0.05884275005091795
6,kjtqtj,kjjtkk,131111101313,prime,exact,exact,0.004977018142376234,0.004977018142376234,0.004977018142376234,0.2669617914087568,0.2669617914087568,0.2669617914087568
6,ktqktk,kkkktj,131313131011,prime,exact,exact,0.0,0.0,0.0,0.0,0.0,0.0
6,ktqktk,kkkqqj,131313121211,prime,exact,exact,0.001257441330213431,0.001257441330213431,0.001257441330213431,0.08394660328863392,0.08394660328863392,0.08394660328863392
6,ktqktk,kkkttj,131313101011,prime,exact,exact,0.0004720511034509303,0.0004720511034509303,0.0004720511034509303,0.04183691398665874,0.04183691398665874,0.04183691398665874
6,ktqktk,kkqqqj,131312121211,prime,exact,exact,0.0025077341957343503,0.0025077341957343503,0.0025077341957343503,0.14840681998934976,0.14840681998934976,0.14840681998934976
6,ktqktk,kkqqtj,131312121011,prime,exact,exact,0.009081151361452143,0.009081151361452143,0.009081151361452143,0.3184283714629716,0.3184283714629716,0.3184283714629716
6,ktqktk,kkqjjj,131312111111,prime,exact,exact,0.00547962520325278,0.00547962520325278,0.00547962520325278,0.26113121904386793,0.26113121904386793,0.26113121904386793
6,ktqktk,kkqtjj,131312101111,prime,exact,exact,0.012410140999356188,0.012410140999356188,0.012410140999356188,0.38081991286755895,0.38081991286755895,0.38081991286755895
6,ktqktk,kkjkjk,131311131113,prime,exact,exact,0.0,0.0,0.0,0.0,0.0,0.0
6,ktqktk,kkjqkj,131311121311,prime,exact,exact,0.0018224741088421594,0.0018224741088421594,0.0018224741088421594,0.10775477377859681,0.10775477377859681,0.10775477377859681
6,ktqktk,kqkktk,131213131013,prime,exact,exact,0.0,0.0,0.0,0.0,0.0,0.0
6,ktqktk,kqtqkk,131210121313,prime,exact,exact,0.0007441632064732641,0.0007441632064732641,0.0007441632064732641,0.06742664825478212,0.06742664825478212,0.06742664825478212
6,ktqktk,kqtttk,131210101013,prime,exact,exact,0.0003843705369215116,0.0003843705369215116,0.0003843705369215116,0.03908358814768344,0.03908358814768344,0.03908358814768344
6,ktqktk,kjjjtj,131111111011,prime,exact,exact,0.004977018142376234,0.004977018142376234,0.004977018142376234,0.2669617914087568,0.2669617914087568,0.2669617914087568
6,ktqktk,kjjtkk,131111101313,prime,exact,exact,0.0013246690262542428,0.0013246690262542428,0.0013246690262542428,0.09269246183596723,0.09269246183596723,0.09269246183596723
6,ktqktk,kjtqtj,131110121011,prime,exact,exact,0.01966052392583127,0.01966052392583127,0.01966052392583127,0.4957013292237342,0.4957013292237342,0.4957013292237342
6,ktttjj,kkkktj,131313131011,prime,exact,exact,0.0015484056442948283,0.0015484056442948283,0.0015484056442948283,0.12411276846897948,0.12411276846897948,0.12411276846897948
6,ktttjj,kkkqqj,131313121211,prime,exact,exact,0.01530878971176522,0.01530878971176522,0.01530878971176522,0.4578246943533387,0.4578246943533387,0.4578246943533387
6,ktttjj,kkkttj,131313101011,prime,exact,exact,0.0015484056442948283,0.0015484056442948283,0.0015484056442948283,0.12411276846897948,0.12411276846897948,0.12411276846897948
6,ktttjj,kkqqqj,131312121211,prime,exact,exact,0.020176702234270164,0.020176702234270164,0.020176702234270164,0.5447237804583238,0.5447237804583238,0.5447237804583238
6,ktttjj,kkqqtj,131312121011,prime,exact,exact,0.027939128432324486,0.027939128432324486,0.027939128432324486,0.601233216661464,0.601233216661464,0.601233216661464
6,ktttjj,kkqjjj,131312111111,prime,exact,exact,0.005548987111866317,0.005548987111866317,0.005548987111866317,0.24234381920144824,0.24234381920144824,0.24234381920144824
6,ktttjj,kkqtjj,131312101111,prime,exact,exact,0.01493626452402392,0.01493626452402392,0.01493626452402392,0.431763802722396,0.431763802722396,0.431763802722396
6,ktttjj,kkjkjk,131311131113,prime,exact,exact,0.0009134774039093829,0.0009134774039093829,0.0009134774039093829,0.09010109634046105,0.09010109634046105,0.09010109634046105
6,ktttjj,kkjqkj,131311121311,prime,exact,exact,0.007734032747686297,0.007734032747686297,0.007734032747686297,0.30653900988557825,0.30653900988557825,0.30653900988557825
6,ktttjj,kqkktk,131213131013,prime,exact,exact,0.0025077341957343503,0.0025077341957343503,0.0025077341957343503,0.14840681998934976,0.14840681998934976,0.14840681998934976
6,ktttjj,kqtqkk,131210121313,prime,exact,exact,0.009974810434553097,0.009974810434553097,0.009974810434553097,0.3743414991287935,0.3743414991287935,0.3743414991287935
6,ktttjj,kqtttk,131210101013,prime,exact,exact,0.001257441330213431,0.001257441330213431,0.001257441330213431,0.08394660328863392,0.08394660328863392,0.08394660328863392
6,ktttjj,kjjjtj,131111111011,prime,exact,exact,0.0003843705369215116,0.0003843705369215116,0.0003843705369215116,0.03908358814768344,0.03908358814768344,0.03908358814768344
6,ktttjj,kjjtkk,131111101313,prime,exact,exact,0.003135726245258442,0.003135726245258442,0.003135726245258442,0.2091419487902755,0.2091419487902755,0.2091419487902755
6,ktttjj,kjtqtj,131110121011,prime,exact,exact,0.005573599271630175,0.005573599271630175,0.005573599271630175,0.22526436479924852,0.22526436479924852,0.22526436479924852
6,ktttjj,ktqktk,131012131013,prime,exact,exact,0.0025077341957343503,0.0025077341957343503,0.0025077341957343503,0.14840681998934976,0.14840681998934976,0.14840681998934976
6,ktttjj,ktqqqj,131012121211,prime,exact,exact,0.02127962529640292,0.02127962529640292,0.02127962529640292,0.5327387150416079,0.5327387150416079,0.5327387150416079
6,ktttjj,ktjjqj,131011111211,prime,exact,exact,0.005573599271630175,0.005573599271630175,0.005573599271630175,0.22526436479924852,0.22526436479924852,0.22526436479924852
6,ktttjj,kttjkj,131010111311,prime,exact,exact,0.0020775125112826994,0.0020775125112826994,0.0020775125112826994,0.15245582857607815,0.15245582857607815,0.15245582857607815
6,ktqqqj,kkkktj,131313131011,prime,exact,exact,0.004629157661299258,0.004629157661299258,0.004629157661299258,0.21429523244611162,0.21429523244611162,0.21429523244611162
6,ktqqqj,kkkqqj,131313121211,prime,exact,exact,0.0020744890434713404,0.0020744890434713404,0.0020744890434713404,0.14063272350283126,0.14063272350283126,0.14063272350283126
6,ktqqqj,kkkttj,131313101011,prime,exact,exact,0.012617418311343491,0.012617418311343491,0.012617418311343491,0.41659842510664974,0.41659842510664974,0.41659842510664974
6,ktqqqj,kkqqqj,131312121211,prime,exact,exact,0.0010253457129296756,0.0010253457129296756,0.0010253457129296756,0.07860191195415245,0.07860191195415245,0.07860191195415245
6,ktqqqj,kkqqtj,131312121011,prime,exact,exact,0.009994060789434914,0.009994060789434914,0.009994060789434914,0.3383494937096752,0.3383494937096752,0.3383494937096752
6,ktqqqj,kkqjjj,131312111111,prime,exact,exact,0.006292226640317514,0.006292226640317514,0.006292226640317514,0.3082616789933863,0.3082616789933863,0.3082616789933863
6,ktqqqj,kkqtjj,131312101111,prime,exact,exact,0.023312513297788537,0.023312513297788537,0.023312513297788537,0.555449972296257,0.555449972296257,0.555449972296257
6,ktqqqj,kkjkjk,131311131113,prime,exact,exact,0.0020775125112826994,0.0020775125112826994,0.0020775125112826994,0.15245582857607815,0.15245582857607815,0.15245582857607815
6,ktqqqj,kkjqkj,131311121311,prime,exact,exact,0.006292226640317514,0.006292226640317514,0.006292226640317514,0.3082616789933863,0.3082616789933863,0.3082616789933863
6,ktqqqj,kqkktk,131213131013,prime,exact,exact,0.0020744890434713404,0.0020744890434713404,0.0020744890434713404,0.14063272350283126,0.14063272350283126,0.14063272350283126
6,ktqqqj,kqtqkk,131210121313,prime,exact,exact,0.0020744890434713404,0.0020744890434713404,0.0020744890434713404,0.14063272350283126,0.14063272350283126,0.14063272350283126
6,ktqqqj,kqtttk,131210101013,prime,exact,exact,0.006292226640317514,0.006292226640317514,0.006292226640317514,0.3082616789933863,0.3082616789933863,0.3082616789933863
6,ktqqqj,kjjjtj,131111111011,prime,exact,exact,0.004629157661299258,0.004629157661299258,0.004629157661299258,0.21429523244611162,0.21429523244611162,0.21429523244611162
6,ktqqqj,kjjtkk,131111101313,prime,exact,exact,0.012617418311343491,0.012617418311343491,0.012617418311343491,0.41659842510664974,0.41659842510664974,0.41659842510664974
6,ktqqqj,kjtqtj,131110121011,prime,exact,exact,0.023312513297788537,0.023312513297788537,0.023312513297788537,0.555449972296257,0.555449972296257,0.555449972296257
6,ktqqqj,ktqktk,131012131013,prime,exact,exact,0.006292226640317514,0.006292226640317514,0.006292226640317514,0.3082616789933863,0.3082616789933863,0.3082616789933863
6,ktjjqj,kkkktj,131313131011,prime,exact,exact,0.0020744890434713404,0.0020744890434713404,0.0020744890434713404,0.14063272350283126,0.14063272350283126,0.14063272350283126
6,ktjjqj,kkkqqj,131313121211,prime,exact,exact,0.006292226640317514,0.006292226640317514,0.006292226640317514,0.3082616789933863,0.3082616789933863,0.3082616789933863
6,ktjjqj,kkkttj,131313101011,prime,exact,exact,0.006292226640317514,0.006292226640317514,0.006292226640317514,0.3082616789933863,0.3082616789933863,0.3082616789933863
6,ktjjqj,kkqqqj,131312121211,prime,exact,exact,0.006292226640317514,0.006292226640317514,0.006292226640317514,0.3082616789933863,0.3082616789933863,0.3082616789933863
6,ktjjqj,kkqqtj,131312121011,prime,exact,exact,0.023312513297788537,0.023312513297788537,0.023312513297788537,0.555449972296257,0.555449972296257,0.555449972296257
6,ktjjqj,kkqjjj,131312111111,prime,exact,exact,0.0010253457129296756,0.0010253457129296756,0.0010253457129296756,0.07860191195415245,0.07860191195415245,0.07860191195415245
6,ktjjqj,kkqtjj,131312101111,prime,exact,exact,0.009994060789434914,0.009994060789434914,0.009994060789434914,0.3383494937096752,0.3383494937096752,0.3383494937096752
6,ktjjqj,kkjkjk,131311131113,prime,exact,exact,0.00015156351544684827,0.00015156351544684827,0.00015156351544684827,0.022077752083424232,0.022077752083424232,0.022077752083424232
6,ktjjqj,kkjqkj,131311121311,prime,exact,exact,0.0020744890434713404,0.0020744890434713404,0.0020744890434713404,0.14063272350283126,0.14063272350283126,0.14063272350283126
6,ktjjqj,kqkktk,131213131013,prime,exact,exact,0.004629157661299258,0.004629157661299258,0.004629157661299258,0.21429523244611162,0.21429523244611162,0.21429523244611162
6,ktjjqj,kqtqkk,131210121313,prime,exact,exact,0.012617418311343491,0.012617418311343491,0.012617418311343491,0.41659842510664974,0.41659842510664974,0.41659842510664974
6,ktjjqj,kqtttk,131210101013,prime,exact,exact,0.012617418311343491,0.012617418311343491,0.012617418311343491,0.41659842510664974,0.41659842510664974,0.41659842510664974
6,ktjjqj,kjjjtj,131111111011,prime,exact,exact,0.0,0.0,0.0,0.0,0.0,0.0
6,ktjjqj,kjjtkk,131111101313,prime,exact,exact,0.0020744890434713404,0.0020744890434713404,0.0020744890434713404,0.14063272350283126,0.14063272350283126,0.14063272350283126
6,ktjjqj,kjtqtj,131110121011,prime,exact,exact,0.009994060789434914,0.009994060789434914,0.009994060789434914,0.3383494937096752,0.3383494937096752,0.3383494937096752
6,ktjjqj,ktqktk,131012131013,prime,exact,exact,0.012617418311343491,0.012617418311343491,0.012617418311343491,0.41659842510664974,0.41659842510664974,0.41659842510664974
6,ktjjqj,ktqqqj,131012121211,prime,exact,exact,0.013109683738001638,0.013109683738001638,0.013109683738001638,0.40095452829429007,0.40095452829429007,0.40095452829429007
6,kttjkj,kkkktj,131313131011,prime,exact,exact,0.0005113561849986008,0.0005113561849986008,0.0005113561849986008,0.05042081219052291,0.05042081219052291,0.05042081219052291
6,kttjkj,kkkqqj,131313121211,prime,exact,exact,0.005760452007613738,0.005760452007613738,0.005760452007613738,0.2619410207612136,0.2619410207612136,0.2619410207612136
6,kttjkj,kkkttj,131313101011,prime,exact,exact,0.0015484056442948283,0.0015484056442948283,0.0015484056442948283,0.12411276846897948,0.12411276846897948,0.12411276846897948
6,kttjkj,kkqqqj,131312121211,prime,exact,exact,0.011016661872137954,0.011016661872137954,0.011016661872137954,0.4119162988136329,0.4119162988136329,0.4119162988136329
6,kttjkj,kkqqtj,131312121011,prime,exact,exact,0.023120858583516344,0.023120858583516344,0.023120858583516344,0.5483826118539675,0.5483826118539675,0.5483826118539675
6,kttjkj,kkqjjj,131312111111,prime,exact,exact,0.0025077341957343503,0.0025077341957343503,0.0025077341957343503,0.14840681998934976,0.14840681998934976,0.14840681998934976
6,kttjkj,kkqtjj,131312101111,prime,exact,exact,0.012026570857344114,0.012026570857344114,0.012026570857344114,0.3815192870779938,0.3815192870779938,0.3815192870779938
6,kttjkj,kkjkjk,131311131113,prime,exact,exact,0.00015156351544684827,0.00015156351544684827,0.00015156351544684827,0.022077752083424232,0.022077752083424232,0.022077752083424232
6,kttjkj,kkjqkj,131311121311,prime,exact,exact,0.0025077341957343503,0.0025077341957343503,0.0025077341957343503,0.14840681998934976,0.14840681998934976,0.14840681998934976
6,kttjkj,kqkktk,131213131013,prime,exact,exact,0.0008647462168321806,0.0008647462168321806,0.0008647462168321806,0.06289175863764633,0.06289175863764633,0.06289175863764633
6,kttjkj,kqtqkk,131210121313,prime,exact,exact,0.005760452007613738,0.005760452007613738,0.005760452007613738,0.2619410207612136,0.2619410207612136,0.2619410207612136
6,kttjkj,kqtttk,131210101013,prime,exact,exact,0.0025077341957343503,0.0025077341957343503,0.0025077341957343503,0.14840681998934976,0.14840681998934976,0.14840681998934976
6,kttjkj,kjjjtj,131111111011,prime,exact,exact,0.0005113561849986008,0.0005113561849986008,0.0005113561849986008,0.05042081219052291,0.05042081219052291,0.05042081219052291
6,kttjkj,kjjtkk,131111101313,prime,exact,exact,0.0015484056442948283,0.0015484056442948283,0.0015484056442948283,0.12411276846897948,0.12411276846897948,0.12411276846897948
6,kttjkj,kjtqtj,131110121011,prime,exact,exact,0.012026570857344114,0.012026570857344114,0.012026570857344114,0.3815192870779938,0.3815192870779938,0.3815192870779938
6,kttjkj,ktqktk,131012131013,prime,exact,exact,0.0025077341957343503,0.0025077341957343503,0.0025077341957343503,0.14840681998934976,0.14840681998934976,0.14840681998934976
6,kttjkj,ktqqqj,131012121211,prime,exact,exact,0.024787316837614582,0.024787316837614582,0.024787316837614582,0.5822544091403989,0.5822544091403989,0.5822544091403989
6,kttjkj,ktjjqj,131011111211,prime,exact,exact,0.006931831554844327,0.006931831554844327,0.006931831554844327,0.26707958074946164,0.26707958074946164,0.26707958074946164
6,qkkkqk,kkkktj,131313131011,prime,exact,exact,0.0,0.0,0.0,0.0,0.0,0.0
6,qkkkqk,kkkqqj,131313121211,prime,exact,exact,0.0,0.0,0.0,0.0,0.0,0.0
6,qkkkqk,kkkttj,131313101011,prime,exact,exact,0.0,0.0,0.0,0.0,0.0,0.0
6,qkkkqk,kkqqqj,131312121211,prime,exact,exact,0.0,0.0,0.0,0.0,0.0,0.0
6,qkkkqk,kkqqtj,131312121011,prime,exact,exact,0.0014565031364165263,0.0014565031364165263,0.0014565031364165263,0.07809394542236289,0.07809394542236289,0.07809394542236289
6,qkkkqk,kkqjjj,131312111111,prime,exact,exact,0.0009769702279479274,0.0009769702279479274,0.0009769702279479274,0.08443248431904132,0.08443248431904132,0.08443248431904132
6,qkkkqk,kkqtjj,131312101111,prime,exact,exact,0.004074983901755044,0.004074983901755044,0.004074983901755044,0.17122114291711568,0.17122114291711568,0.17122114291711568
6,qkkkqk,kkjkjk,131311131113,prime,exact,exact,0.0,0.0,0.0,0.0,0.0,0.0
6,qkkkqk,kkjqkj,131311121311,prime,exact,exact,0.0,0.0,0.0,0.0,0.0,0.0
6,qkkkqk,kqkktk,131213131013,prime,exact,exact,0.0,0.0,0.0,0.0,0.0,0.0
6,qkkkqk,kqtqkk,131210121313,prime,exact,exact,0.0,0.0,0.0,0.0,0.0,0.0
6,qkkkqk,kqtttk,131210101013,prime,exact,exact,0.0009769702279479274,0.0009769702279479274,0.0009769702279479274,0.08443248431904132,0.08443248431904132,0.08443248431904132
6,qkkkqk,kjjjtj,131111111011,prime,exact,exact,0.0025077341957343503,0.0025077341957343503,0.0025077341957343503,0.14840681998934976,0.14840681998934976,0.14840681998934976
6,qkkkqk,kjjtkk,131111101313,prime,exact,exact,0.0,0.0,0.0,0.0,0.0,0.0
6,qkkkqk,kjtqtj,131110121011,prime,exact,exact,0.019659086970207018,0.019659086970207018,0.019659086970207018,0.4945160739828919,0.4945160739828919,0.4945160739828919
6,qkkkqk,ktqktk,131012131013,prime,exact,exact,0.0,0.0,0.0,0.0,0.0,0.0
6,qkkkqk,ktttjj,131010101111,prime,exact,exact,0.008827137623570666,0.008827137623570666,0.008827137623570666,0.34761804245638617,0.34761804245638617,0.34761804245638617
6,qkkkqk,ktqqqj,131012121211,prime,exact,exact,0.0014565031364165263,0.0014565031364165263,0.0014565031364165263,0.07809394542236289,0.07809394542236289,0.07809394542236289
6,qkkkqk,ktjjqj,131011111211,prime,exact,exact,0.010638714248475614,0.010638714248475614,0.010638714248475614,0.35457497539176497,0.35457497539176497,0.35457497539176497
6,qkkkqk,kttjkj,131010111311,prime,exact,exact,0.003419754368478486,0.003419754368478486,0.003419754368478486,0.16881382326646083,0.16881382326646083,0.16881382326646083
6,qkqqjj,kkkktj,131313131011,prime,exact,exact,0.004190754828652165,0.004190754828652165,0.004190754828652165,0.20052860325123512,0.20052860325123512,0.20052860325123512
6,qkqqjj,kkkqqj,131313121211,prime,exact,exact,0.0015484056442948283,0.0015484056442948283,0.0015484056442948283,0.12411276846897948,0.12411276846897948,0.12411276846897948
6,qkqqjj,kkkttj,131313101011,prime,exact,exact,0.01530878971176522,0.01530878971176522,0.01530878971176522,0.4578246943533387,0.4578246943533387,0.4578246943533387
6,qkqqjj,kkqqqj,131312121211,prime,exact,exact,0.0007441632064732641,0.0007441632064732641,0.0007441632064732641,0.06742664825478212,0.06742664825478212,0.06742664825478212
6,qkqqjj,kkqqtj,131312121011,prime,exact,exact,0.009081151361452143,0.009081151361452143,0.009081151361452143,0.3184283714629716,0.3184283714629716,0.3184283714629716
6,qkqqjj,kkqjjj,131312111111,prime,exact,exact,0.0020775125112826994,0.0020775125112826994,0.0020775125112826994,0.15245582857607815,0.15245582857607815,0.15245582857607815
6,qkqqjj,kkqtjj,131312101111,prime,exact,exact,0.01493626452402392,0.01493626452402392,0.01493626452402392,0.431763802722396,0.431763802722396,0.431763802722396
6,qkqqjj,kkjkjk,131311131113,prime,exact,exact,0.0009134774039093829,0.0009134774039093829,0.0009134774039093829,0.09010109634046105,0.09010109634046105,0.09010109634046105
6,qkqqjj,kkjqkj,131311121311,prime,exact,exact,0.003135726245258442,0.003135726245258442,0.003135726245258442,0.2091419487902755,0.2091419487902755,0.2091419487902755
6,qkqqjj,kqkktk,131213131013,prime,exact,exact,0.0025077341957343503,0.0025077341957343503,0.0025077341957343503,0.14840681998934976,0.14840681998934976,0.14840681998934976
6,qkqqjj,kqtqkk,131210121313,prime,exact,exact,0.0025077341957343503,0.0025077341957343503,0.0025077341957343503,0.14840681998934976,0.14840681998934976,0.14840681998934976
6,qkqqjj,kqtttk,131210101013,prime,exact,exact,0.013518136858418428,0.013518136858418428,0.013518136858418428,0.46034244151090437,0.46034244151090437,0.46034244151090437
6,qkqqjj,kjjjtj,131111111011,prime,exact,exact,0.0011895345665358433,0.0011895345665358433,0.0011895345665358433,0.07319832594931858,0.07319832594931858,0.07319832594931858
6,qkqqjj,kjjtkk,131111101313,prime,exact,exact,0.007734032747686297,0.007734032747686297,0.007734032747686297,0.30653900988557825,0.30653900988557825,0.30653900988557825
6,qkqqjj,kjtqtj,131110121011,prime,exact,exact,0.01966052392583127,0.01966052392583127,0.01966052392583127,0.4957013292237342,0.4957013292237342,0.4957013292237342
6,qkqqjj,ktqktk,131012131013,prime,exact,exact,0.009974810434553097,0.009974810434553097,0.009974810434553097,0.3743414991287935,0.3743414991287935,0.3743414991287935
6,qkqqjj,ktttjj,131010101111,prime,exact,exact,0.014167535706778027,0.014167535706778027,0.014167535706778027,0.4467819436622613,0.4467819436622613,0.4467819436622613
6,qkqqjj,ktqqqj,131012121211,prime,exact,exact,0.002173986599501439,0.002173986599501439,0.002173986599501439,0.10945535738502273,0.10945535738502273,0.10945535738502273
6,qkqqjj,ktjjqj,131011111211,prime,exact,exact,0.005573599271630175,0.005573599271630175,0.005573599271630175,0.22526436479924852,0.22526436479924852,0.22526436479924852
6,qkqqjj,kttjkj,131010111311,prime,exact,exact,0.0187691243694503,0.0187691243694503,0.0187691243694503,0.510505976983572,0.510505976983572,0.510505976983572
6,qkqqjj,qkkkqk,121313131213,prime,exact,exact,0.00015156351544684827,0.00015156351544684827,0.00015156351544684827,0.022077752083424232,0.022077752083424232,0.022077752083424232
6,qqqttj,kkkktj,131313131011,prime,exact,exact,0.010132354126285102,0.010132354126285102,0.010132354126285102,0.367274138686504,0.367274138686504,0.367274138686504
6,qqqttj,kkkqqj,131313121211,prime,exact,exact,0.00547962520325278,0.00547962520325278,0.00547962520325278,0.26113121904386793,0.26113121904386793,0.26113121904386793
6,qqqttj,kkkttj,131313101011,prime,exact,exact,0.014167535706778027,0.014167535706778027,0.014167535706778027,0.4467819436622613,0.4467819436622613,0.4467819436622613
6,qqqttj,kkqqqj,131312121211,prime,exact,exact,0.0018224741088421594,0.0018224741088421594,0.0018224741088421594,0.10775477377859681,0.10775477377859681,0.10775477377859681
6,qqqttj,kkqqtj,131312121011,prime,exact,exact,0.012410140999356188,0.012410140999356188,0.012410140999356188,0.38081991286755895,0.38081991286755895,0.38081991286755895
6,qqqttj,kkqjjj,131312111111,prime,exact,exact,0.009974810434553097,0.009974810434553097,0.009974810434553097,0.3743414991287935,0.3743414991287935,0.3743414991287935
6,qqqttj,kkqtjj,131312101111,prime,exact,exact,0.027939128432324486,0.027939128432324486,0.027939128432324486,0.601233216661464,0.601233216661464,0.601233216661464
6,qqqttj,kkjkjk,131311131113,prime,exact,exact,0.006292226640317514,0.006292226640317514,0.006292226640317514,0.3082616789933863,0.3082616789933863,0.3082616789933863
6,qqqttj,kkjqkj,131311121311,prime,exact,exact,0.013518136858418428,0.013518136858418428,0.013518136858418428,0.46034244151090437,0.46034244151090437,0.46034244151090437
6,qqqttj,kqkktk,131213131013,prime,exact,exact,0.004977018142376234,0.004977018142376234,0.004977018142376234,0.2669617914087568,0.2669617914087568,0.2669617914087568
6,qqqttj,kqtqkk,131210121313,prime,exact,exact,0.0041334706230069995,0.0041334706230069995,0.0041334706230069995,0.2334360003106458,0.2334360003106458,0.2334360003106458
6,qqqttj,kqtttk,131210101013,prime,exact,exact,0.0034804015757533982,0.0034804015757533982,0.0034804015757533982,0.19650904199968294,0.19650904199968294,0.19650904199968294
6,qqqttj,kjjjtj,131111111011,prime,exact,exact,0.004190754828652165,0.004190754828652165,0.004190754828652165,0.20052860325123512,0.20052860325123512,0.20052860325123512
6,qqqttj,kjjtkk,131111101313,prime,exact,exact,0.020176702234270164,0.020176702234270164,0.020176702234270164,0.5447237804583238,0.5447237804583238,0.5447237804583238
6,qqqttj,kjtqtj,131110121011,prime,exact,exact,0.01493626452402392,0.01493626452402392,0.01493626452402392,0.431763802722396,0.431763802722396,0.431763802722396
6,qqqttj,ktqktk,131012131013,prime,exact,exact,0.0071690323056117005,0.0071690323056117005,0.0071690323056117005,0.3357949373831393,0.3357949373831393,0.3357949373831393
6,qqqttj,ktttjj,131010101111,prime,exact,exact,0.005548987111866317,0.005548987111866317,0.005548987111866317,0.24234381920144824,0.24234381920144824,0.24234381920144824
6,qqqttj,ktqqqj,131012121211,prime,exact,exact,0.002173986599501439,0.002173986599501439,0.002173986599501439,0.10945535738502273,0.10945535738502273,0.10945535738502273
6,qqqttj,ktjjqj,131011111211,prime,exact,exact,0.012026570857344114,0.012026570857344114,0.012026570857344114,0.3815192870779938,0.3815192870779938,0.3815192870779938
6,qqqttj,kttjkj,131010111311,prime,exact,exact,0.0187691243694503,0.0187691243694503,0.0187691243694503,0.510505976983572,0.510505976983572,0.510505976983572
6,qqqttj,qkkkqk,121313131213,prime,exact,exact,0.0009134774039093829,0.0009134774039093829,0.0009134774039093829,0.09010109634046105,0.09010109634046105,0.09010109634046105
6,qqqttj,qkqqjj,121312121111,prime,exact,exact,0.001257441330213431,0.001257441330213431,0.001257441330213431,0.08394660328863392,0.08394660328863392,0.08394660328863392
6,qqjqtj,kkkktj,131313131011,prime,exact,exact,0.010132354126285102,0.010132354126285102,0.010132354126285102,0.367274138686504,0.367274138686504,0.367274138686504
6,qqjqtj,kkkqqj,131313121211,prime,exact,exact,0.0041334706230069995,0.0041334706230069995,0.0041334706230069995,0.2334360003106458,0.2334360003106458,0.2334360003106458
6,qqjqtj,kkkttj,131313101011,prime,exact,exact,0.020176702234270164,0.020176702234270164,0.020176702234270164,0.5447237804583238,0.5447237804583238,0.5447237804583238
6,qqjqtj,kkqqqj,131312121211,prime,exact,exact,0.0013246690262542428,0.0013246690262542428,0.0013246690262542428,0.09269246183596723,0.09269246183596723,0.09269246183596723
6,qqjqtj,kkqqtj,131312121011,prime,exact,exact,0.012410140999356188,0.012410140999356188,0.012410140999356188,0.38081991286755895,0.38081991286755895,0.38081991286755895
6,qqjqtj,kkqjjj,131312111111,prime,exact,exact,0.0034804015757533982,0.0034804015757533982,0.0034804015757533982,0.19650904199968294,0.19650904199968294,0.19650904199968294
6,qqjqtj,kkqtjj,131312101111,prime,exact,exact,0.01966052392583127,0.01966052392583127,0.01966052392583127,0.4957013292237342,0.4957013292237342,0.4957013292237342
6,qqjqtj,kkjkjk,131311131113,prime,exact,exact,0.003135726245258442,0.003135726245258442,0.003135726245258442,0.2091419487902755,0.2091419487902755,0.2091419487902755
6,qqjqtj,kkjqkj,131311121311,prime,exact,exact,0.0071690323056117005,0.0071690323056117005,0.0071690323056117005,0.3357949373831393,0.3357949373831393,0.3357949373831393
6,qqjqtj,kqkktk,131213131013,prime,exact,exact,0.006493376175296769,0.006493376175296769,0.006493376175296769,0.29417112911157156,0.29417112911157156,0.29417112911157156
6,qqjqtj,kqtqkk,131210121313,prime,exact,exact,0.00547962520325278,0.00547962520325278,0.00547962520325278,0.26113121904386793,0.26113121904386793,0.26113121904386793
6,qqjqtj,kqtttk,131210101013,prime,exact,exact,0.009974810434553097,0.009974810434553097,0.009974810434553097,0.3743414991287935,0.3743414991287935,0.3743414991287935
6,qqjqtj,kjjjtj,131111111011,prime,exact,exact,0.0011895345665358433,0.0011895345665358433,0.0011895345665358433,0.07319832594931858,0.07319832594931858,0.07319832594931858
6,qqjqtj,kjjtkk,131111101313,prime,exact,exact,0.014167535706778027,0.014167535706778027,0.014167535706778027,0.4467819436622613,0.4467819436622613,0.4467819436622613
6,qqjqtj,kjtqtj,131110121011,prime,exact,exact,0.01493626452402392,0.01493626452402392,0.01493626452402392,0.431763802722396,0.431763802722396,0.431763802722396
6,qqjqtj,ktqktk,131012131013,prime,exact,exact,0.013518136858418428,0.013518136858418428,0.013518136858418428,0.46034244151090437,0.46034244151090437,0.46034244151090437
6,qqjqtj,ktttjj,131010101111,prime,exact,exact,0.007734032747686297,0.007734032747686297,0.007734032747686297,0.30653900988557825,0.30653900988557825,0.30653900988557825
6,qqjqtj,ktqqqj,131012121211,prime,exact,exact,0.002173986599501439,0.002173986599501439,0.002173986599501439,0.10945535738502273,0.10945535738502273,0.10945535738502273
6,qqjqtj,ktjjqj,131011111211,prime,exact,exact,0.005573599271630175,0.005573599271630175,0.005573599271630175,0.22526436479924852,0.22526436479924852,0.22526436479924852
6,qqjqtj,kttjkj,131010111311,prime,exact,exact,0.0187691243694503,0.0187691243694503,0.0187691243694503,0.510505976983572,0.510505976983572,0.510505976983572
6,qqjqtj,qkkkqk,121313131213,prime,exact,exact,0.0009134774039093829,0.0009134774039093829,0.0009134774039093829,0.09010109634046105,0.09010109634046105,0.09010109634046105
6,qqjqtj,qkqqjj,121312121111,prime,exact,exact,0.0004720511034509303,0.0004720511034509303,0.0004720511034509303,0.04183691398665874,0.04183691398665874,0.04183691398665874
6,qqjqtj,qqqttj,121212101011,prime,exact,exact,0.0007441632064732641,0.0007441632064732641,0.0007441632064732641,0.06742664825478212,0.06742664825478212,0.06742664825478212
6,qqtjjj,kkkktj,131313131011,prime,exact,exact,0.006493376175296769,0.006493376175296769,0.006493376175296769,0.29417112911157156,0.29417112911157156,0.29417112911157156
6,qqtjjj,kkkqqj,131313121211,prime,exact,exact,0.0071690323056117005,0.0071690323056117005,0.0071690323056117005,0.3357949373831393,0.3357949373831393,0.3357949373831393
6,qqtjjj,kkkttj,131313101011,prime,exact,exact,0.013518136858418428,0.013518136858418428,0.013518136858418428,0.46034244151090437,0.46034244151090437,0.46034244151090437
6,qqtjjj,kkqqqj,131312121211,prime,exact,exact,0.0034804015757533982,0.0034804015757533982,0.0034804015757533982,0.19650904199968294,0.19650904199968294,0.19650904199968294
6,qqtjjj,kkqqtj,131312121011,prime,exact,exact,0.01966052392583127,0.01966052392583127,0.01966052392583127,0.4957013292237342,0.4957013292237342,0.4957013292237342
6,qqtjjj,kkqjjj,131312111111,prime,exact,exact,0.0013246690262542428,0.0013246690262542428,0.0013246690262542428,0.09269246183596723,0.09269246183596723,0.09269246183596723
6,qqtjjj,kkqtjj,131312101111,prime,exact,exact,0.012410140999356188,0.012410140999356188,0.012410140999356188,0.38081991286755895,0.38081991286755895,0.38081991286755895
6,qqtjjj,kkjkjk,131311131113,prime,exact,exact,0.0009134774039093829,0.0009134774039093829,0.0009134774039093829,0.09010109634046105,0.09010109634046105,0.09010109634046105
6,qqtjjj,kkjqkj,131311121311,prime,exact,exact,0.0041334706230069995,0.0041334706230069995,0.0041334706230069995,0.2334360003106458,0.2334360003106458,0.2334360003106458
6,qqtjjj,kqkktk,131213131013,prime,exact,exact,0.010132354126285102,0.010132354126285102,0.010132354126285102,0.367274138686504,0.367274138686504,0.367274138686504
6,qqtjjj,kqtqkk,131210121313,prime,exact,exact,0.014167535706778027,0.014167535706778027,0.014167535706778027,0.4467819436622613,0.4467819436622613,0.4467819436622613
6,qqtjjj,kqtttk,131210101013,prime,exact,exact,0.01530878971176522,0.01530878971176522,0.01530878971176522,0.4578246943533387,0.4578246943533387,0.4578246943533387
6,qqtjjj,kjjjtj,131111111011,prime,exact,exact,0.0,0.0,0.0,0.0,0.0,0.0
6,qqtjjj,kjjtkk,131111101313,prime,exact,exact,0.00547962520325278,0.00547962520325278,0.00547962520325278,0.26113121904386793,0.26113121904386793,0.26113121904386793
6,qqtjjj,kjtqtj,131110121011,prime,exact,exact,0.009081151361452143,0.009081151361452143,0.009081151361452143,0.3184283714629716,0.3184283714629716,0.3184283714629716
6,qqtjjj,ktqktk,131012131013,prime,exact,exact,0.020176702234270164,0.020176702234270164,0.020176702234270164,0.5447237804583238,0.5447237804583238,0.5447237804583238
6,qqtjjj,ktttjj,131010101111,prime,exact,exact,0.0025077341957343503,0.0025077341957343503,0.0025077341957343503,0.14840681998934976,0.14840681998934976,0.14840681998934976
6,qqtjjj,ktqqqj,131012121211,prime,exact,exact,0.005573599271630175,0.005573599271630175,0.005573599271630175,0.22526436479924852,0.22526436479924852,0.22526436479924852
6,qqtjjj,ktjjqj,131011111211,prime,exact,exact,0.002173986599501439,0.002173986599501439,0.002173986599501439,0.10945535738502273,0.10945535738502273,0.10945535738502273
6,qqtjjj,kttjkj,131010111311,prime,exact,exact,0.0075426973568861605,0.0075426973568861605,0.0075426973568861605,0.3123106875801147,0.3123106875801147,0.3123106875801147
6,qqtjjj,qkkkqk,121313131213,prime,exact,exact,0.003135726245258442,0.003135726245258442,0.003135726245258442,0.2091419487902755,0.2091419487902755,0.2091419487902755
6,qqtjjj,qkqqjj,121312121111,prime,exact,exact,0.0004720511034509303,0.0004720511034509303,0.0004720511034509303,0.04183691398665874,0.04183691398665874,0.04183691398665874
6,qqtjjj,qqqttj,121212101011,prime,exact,exact,0.0020775125112826994,0.0020775125112826994,0.0020775125112826994,0.15245582857607815,0.15245582857607815,0.15245582857607815
6,qqtjjj,qqjqtj,121211121011,prime,exact,exact,0.0003843705369215116,0.0003843705369215116,0.0003843705369215116,0.03908358814768344,0.03908358814768344,0.03908358814768344
6,qqtttj,kkkktj,131313131011,prime,exact,exact,0.006493376175296769,0.006493376175296769,0.006493376175296769,0.29417112911157156,0.29417112911157156,0.29417112911157156
6,qqtttj,kkkqqj,131313121211,prime,exact,exact,0.014167535706778027,0.014167535706778027,0.014167535706778027,0.4467819436622613,0.4467819436622613,0.4467819436622613
6,qqtttj,kkkttj,131313101011,prime,exact,exact,0.00547962520325278,0.00547962520325278,0.00547962520325278,0.26113121904386793,0.26113121904386793,0.26113121904386793
6,qqtttj,kkqqqj,131312121211,prime,exact,exact,0.00763409662714078,0.00763409662714078,0.00763409662714078,0.29274293335552554,0.29274293335552554,0.29274293335552554
6,qqtttj,kkqqtj,131312121011,prime,exact,exact,0.01966052392583127,0.01966052392583127,0.01966052392583127,0.4957013292237342,0.4957013292237342,0.4957013292237342
6,qqtttj,kkqjjj,131312111111,prime,exact,exact,0.01530878971176522,0.01530878971176522,0.01530878971176522,0.4578246943533387,0.4578246943533387,0.4578246943533387
6,qqtttj,kkqtjj,131312101111,prime,exact,exact,0.027939128432324486,0.027939128432324486,0.027939128432324486,0.601233216661464,0.601233216661464,0.601233216661464
6,qqtttj,kkjkjk,131311131113,prime,exact,exact,0.006292226640317514,0.006292226640317514,0.006292226640317514,0.3082616789933863,0.3082616789933863,0.3082616789933863
6,qqtttj,kkjqkj,131311121311,prime,exact,exact,0.020176702234270164,0.020176702234270164,0.020176702234270164,0.5447237804583238,0.5447237804583238,0.5447237804583238
6,qqtttj,kqkktk,131213131013,prime,exact,exact,0.004977018142376234,0.004977018142376234,0.004977018142376234,0.2669617914087568,0.2669617914087568,0.2669617914087568
6,qqtttj,kqtqkk,131210121313,prime,exact,exact,0.0071690323056117005,0.0071690323056117005,0.0071690323056117005,0.3357949373831393,0.3357949373831393,0.3357949373831393
6,qqtttj,kqtttk,131210101013,prime,exact,exact,0.0013246690262542428,0.0013246690262542428,0.0013246690262542428,0.09269246183596723,0.09269246183596723,0.09269246183596723
6,qqtttj,kjjjtj,131111111011,prime,exact,exact,0.0025077341957343503,0.0025077341957343503,0.0025077341957343503,0.14840681998934976,0.14840681998934976,0.14840681998934976
6,qqtttj,kjjtkk,131111101313,prime,exact,exact,0.013518136858418428,0.013518136858418428,0.013518136858418428,0.46034244151090437,0.46034244151090437,0.46034244151090437
6,qqtttj,kjtqtj,131110121011,prime,exact,exact,0.009081151361452143,0.009081151361452143,0.009081151361452143,0.3184283714629716,0.3184283714629716,0.3184283714629716
6,qqtttj,ktqktk,131012131013,prime,exact,exact,0.0041334706230069995,0.0041334706230069995,0.0041334706230069995,0.2334360003106458,0.2334360003106458,0.2334360003106458
6,qqtttj,ktttjj,131010101111,prime,exact,exact,0.001257441330213431,0.001257441330213431,0.001257441330213431,0.08394660328863392,0.08394660328863392,0.08394660328863392
6,qqtttj,ktqqqj,131012121211,prime,exact,exact,0.005573599271630175,0.005573599271630175,0.005573599271630175,0.22526436479924852,0.22526436479924852,0.22526436479924852
6,qqtttj,ktjjqj,131011111211,prime,exact,exact,0.012026570857344114,0.012026570857344114,0.012026570857344114,0.3815192870779938,0.3815192870779938,0.3815192870779938
6,qqtttj,kttjkj,131010111311,prime,exact,exact,0.0075426973568861605,0.0075426973568861605,0.0075426973568861605,0.3123106875801147,0.3123106875801147,0.3123106875801147
6,qqtttj,qkkkqk,121313131213,prime,exact,exact,0.003135726245258442,0.003135726245258442,0.003135726245258442,0.2091419487902755,0.2091419487902755,0.2091419487902755
6,qqtttj,qkqqjj,121312121111,prime,exact,exact,0.005548987111866317,0.005548987111866317,0.005548987111866317,0.24234381920144824,0.24234381920144824,0.24234381920144824
6,qqtttj,qqqttj,121212101011,prime,exact,exact,0.0003843705369215116,0.0003843705369215116,0.0003843705369215116,0.03908358814768344,0.03908358814768344,0.03908358814768344
6,qqtttj,qqjqtj,121211121011,prime,exact,exact,0.0020775125112826994,0.0020775125112826994,0.0020775125112826994,0.15245582857607815,0.15245582857607815,0.15245582857607815
6,qqtttj,qqtjjj,121210111111,prime,exact,exact,0.003135726245258442,0.003135726245258442,0.003135726245258442,0.2091419487902755,0.2091419487902755,0.2091419487902755
6,qjqjkj,kkkktj,131313131011,prime,exact,exact,0.0025077341957343503,0.0025077341957343503,0.0025077341957343503,0.14840681998934976,0.14840681998934976,0.14840681998934976
6,qjqjkj,kkkqqj,131313121211,prime,exact,exact,0.003135726245258442,0.003135726245258442,0.003135726245258442,0.2091419487902755,0.2091419487902755,0.2091419487902755
6,qjqjkj,kkkttj,131313101011,prime,exact,exact,0.009974810434553097,0.009974810434553097,0.009974810434553097,0.3743414991287935,0.3743414991287935,0.3743414991287935
6,qjqjkj,kkqqqj,131312121211,prime,exact,exact,0.0020775125112826994,0.0020775125112826994,0.0020775125112826994,0.15245582857607815,0.15245582857607815,0.15245582857607815
6,qjqjkj,kkqqtj,131312121011,prime,exact,exact,0.01493626452402392,0.01493626452402392,0.01493626452402392,0.431763802722396,0.431763802722396,0.431763802722396
6,qjqjkj,kkqjjj,131312111111,prime,exact,exact,0.0007441632064732641,0.0007441632064732641,0.0007441632064732641,0.06742664825478212,0.06742664825478212,0.06742664825478212
6,qjqjkj,kkqtjj,131312101111,prime,exact,exact,0.009081151361452143,0.009081151361452143,0.009081151361452143,0.3184283714629716,0.3184283714629716,0.3184283714629716
6,qjqjkj,kkjkjk,131311131113,prime,exact,exact,0.00015156351544684827,0.00015156351544684827,0.00015156351544684827,0.022077752083424232,0.022077752083424232,0.022077752083424232
6,qjqjkj,kkjqkj,131311121311,prime,exact,exact,0.0015484056442948283,0.0015484056442948283,0.0015484056442948283,0.12411276846897948,0.12411276846897948,0.12411276846897948
6,qjqjkj,kqkktk,131213131013,prime,exact,exact,0.004190754828652165,0.004190754828652165,0.004190754828652165,0.20052860325123512,0.20052860325123512,0.20052860325123512
6,qjqjkj,kqtqkk,131210121313,prime,exact,exact,0.007734032747686297,0.007734032747686297,0.007734032747686297,0.30653900988557825,0.30653900988557825,0.30653900988557825
6,qjqjkj,kqtttk,131210101013,prime,exact,exact,0.020176702234270164,0.020176702234270164,0.020176702234270164,0.5447237804583238,0.5447237804583238,0.5447237804583238
6,qjqjkj,kjjjtj,131111111011,prime,exact,exact,0.0,0.0,0.0,0.0,0.0,0.0
6,qjqjkj,kjjtkk,131111101313,prime,exact,exact,0.0025077341957343503,0.0025077341957343503,0.0025077341957343503,0.14840681998934976,0.14840681998934976,0.14840681998934976
6,qjqjkj,kjtqtj,131110121011,prime,exact,exact,0.012410140999356188,0.012410140999356188,0.012410140999356188,0.38081991286755895,0.38081991286755895,0.38081991286755895
6,qjqjkj,ktqktk,131012131013,prime,exact,exact,0.01530878971176522,0.01530878971176522,0.01530878971176522,0.4578246943533387,0.4578246943533387,0.4578246943533387
6,qjqjkj,ktttjj,131010101111,prime,exact,exact,0.00547962520325278,0.00547962520325278,0.00547962520325278,0.26113121904386793,0.26113121904386793,0.26113121904386793
6,qjqjkj,ktqqqj,131012121211,prime,exact,exact,0.005573599271630175,0.005573599271630175,0.005573599271630175,0.22526436479924852,0.22526436479924852,0.22526436479924852
6,qjqjkj,ktjjqj,131011111211,prime,exact,exact,0.002173986599501439,0.002173986599501439,0.002173986599501439,0.10945535738502273,0.10945535738502273,0.10945535738502273
6,qjqjkj,kttjkj,131010111311,prime,exact,exact,0.0075426973568861605,0.0075426973568861605,0.0075426973568861605,0.3123106875801147,0.3123106875801147,0.3123106875801147
6,qjqjkj,qkkkqk,121313131213,prime,exact,exact,0.0009134774039093829,0.0009134774039093829,0.0009134774039093829,0.09010109634046105,0.09010109634046105,0.09010109634046105
6,qjqjkj,qkqqjj,121312121111,prime,exact,exact,0.0003843705369215116,0.0003843705369215116,0.0003843705369215116,0.03908358814768344,0.03908358814768344,0.03908358814768344
6,qjqjkj,qqqttj,121212101011,prime,exact,exact,0.0034804015757533982,0.0034804015757533982,0.0034804015757533982,0.19650904199968294,0.19650904199968294,0.19650904199968294
6,qjqjkj,qqjqtj,121211121011,prime,exact,exact,0.0004720511034509303,0.0004720511034509303,0.0004720511034509303,0.04183691398665874,0.04183691398665874,0.04183691398665874
6,qjqjkj,qqtjjj,121210111111,prime,exact,exact,0.0004720511034509303,0.0004720511034509303,0.0004720511034509303,0.04183691398665874,0.04183691398665874,0.04183691398665874
6,qjqjkj,qqtttj,121210101011,prime,exact,exact,0.0071690323056117005,0.0071690323056117005,0.0071690323056117005,0.3357949373831393,0.3357949373831393,0.3357949373831393
6,qjjjqj,kkkktj,131313131011,prime,exact,exact,0.0025077341957343503,0.0025077341957343503,0.0025077341957343503,0.14840681998934976,0.14840681998934976,0.14840681998934976
6,qjjjqj,kkkqqj,131313121211,prime,exact,exact,0.002500798004872997,0.002500798004872997,0.002500798004872997,0.1751302766617571,0.1751302766617571,0.1751302766617571
6,qjjjqj,kkkttj,131313101011,prime,exact,exact,0.008827137623570666,0.008827137623570666,0.008827137623570666,0.34761804245638617,0.34761804245638617,0.34761804245638617
6,qjjjqj,kkqqqj,131312121211,prime,exact,exact,0.0007229989317937492,0.0007229989317937492,0.0007229989317937492,0.06175803623336238,0.06175803623336238,0.06175803623336238
6,qjjjqj,kkqqtj,131312121011,prime,exact,exact,0.009163583301038981,0.009163583301038981,0.009163583301038981,0.30675986489939977,0.30675986489939977,0.30675986489939977
6,qjjjqj,kkqjjj,131312111111,prime,exact,exact,0.0,0.0,0.0,0.0,0.0,0.0
6,qjjjqj,kkqtjj,131312101111,prime,exact,exact,0.004074983901755044,0.004074983901755044,0.004074983901755044,0.17122114291711568,0.17122114291711568,0.17122114291711568
6,qjjjqj,kkjkjk,131311131113,prime,exact,exact,0.00015156351544684827,0.00015156351544684827,0.00015156351544684827,0.022077752083424232,0.022077752083424232,0.022077752083424232
6,qjjjqj,kkjqkj,131311121311,prime,exact,exact,0.0009769702279479274,0.0009769702279479274,0.0009769702279479274,0.08443248431904132,0.08443248431904132,0.08443248431904132
6,qjjjqj,kqkktk,131213131013,prime,exact,exact,0.012026570857344114,0.012026570857344114,0.012026570857344114,0.3815192870779938,0.3815192870779938,0.3815192870779938
6,qjjjqj,kqtqkk,131210121313,prime,exact,exact,0.016730082317606396,0.016730082317606396,0.016730082317606396,0.46216817629182916,0.46216817629182916,0.46216817629182916
6,qjjjqj,kqtttk,131210101013,prime,exact,exact,0.030507301603571856,0.030507301603571856,0.030507301603571856,0.6267346089240587,0.6267346089240587,0.6267346089240587
6,qjjjqj,kjjjtj,131111111011,prime,exact,exact,0.0,0.0,0.0,0.0,0.0,0.0
6,qjjjqj,kjjtkk,131111101313,prime,exact,exact,0.0016501364435946814,0.0016501364435946814,0.0016501364435946814,0.1050014479396215,0.1050014479396215,0.1050014479396215
6,qjjjqj,kjtqtj,131110121011,prime,exact,exact,0.004074983901755044,0.004074983901755044,0.004074983901755044,0.17122114291711568,0.17122114291711568,0.17122114291711568
6,qjjjqj,ktqktk,131012131013,prime,exact,exact,0.030507301603571856,0.030507301603571856,0.030507301603571856,0.6267346089240587,0.6267346089240587,0.6267346089240587
6,qjjjqj,ktttjj,131010101111,prime,exact,exact,0.0016501364435946814,0.0016501364435946814,0.0016501364435946814,0.1050014479396215,0.1050014479396215,0.1050014479396215
6,qjjjqj,ktqqqj,131012121211,prime,exact,exact,0.0014565031364165263,0.0014565031364165263,0.0014565031364165263,0.07809394542236289,0.07809394542236289,0.07809394542236289
6,qjjjqj,ktjjqj,131011111211,prime,exact,exact,0.0,0.0,0.0,0.0,0.0,0.0
6,qjjjqj,kttjkj,131010111311,prime,exact,exact,0.003419754368478486,0.003419754368478486,0.003419754368478486,0.16881382326646083,0.16881382326646083,0.16881382326646083
6,qjjjqj,qkkkqk,121313131213,prime,exact,exact,0.003135726245258442,0.003135726245258442,0.003135726245258442,0.2091419487902755,0.2091419487902755,0.2091419487902755
6,qjjjqj,qkqqjj,121312121111,prime,exact,exact,0.0,0.0,0.0,0.0,0.0,0.0
6,qjjjqj,qqqttj,121212101011,prime,exact,exact,0.0007229989317937492,0.0007229989317937492,0.0007229989317937492,0.06175803623336238,0.06175803623336238,0.06175803623336238
6,qjjjqj,qqjqtj,121211121011,prime,exact,exact,0.0,0.0,0.0,0.0,0.0,0.0
6,qjjjqj,qqtjjj,121210111111,prime,exact,exact,0.0,0.0,0.0,0.0,0.0,0.0
6,qjjjqj,qqtttj,121210101011,prime,exact,exact,0.002500798004872997,0.002500798004872997,0.002500798004872997,0.1751302766617571,0.1751302766617571,0.1751302766617571
6,qjjjqj,qjqjkj,121112111311,prime,exact,exact,0.0,0.0,0.0,0.0,0.0,0.0
6,qjjttj,kkkktj,131313131011,prime,exact,exact,0.004977018142376234,0.004977018142376234,0.004977018142376234,0.2669617914087568,0.2669617914087568,0.2669617914087568
6,qjjttj,kkkqqj,131313121211,prime,exact,exact,0.013518136858418428,0.013518136858418428,0.013518136858418428,0.46034244151090437,0.46034244151090437,0.46034244151090437
6,qjjttj,kkkttj,131313101011,prime,exact,exact,0.0071690323056117005,0.0071690323056117005,0.0071690323056117005,0.3357949373831393,0.3357949373831393,0.3357949373831393
6,qjjttj,kkqqqj,131312121211,prime,exact,exact,0.009974810434553097,0.009974810434553097,0.009974810434553097,0.3743414991287935,0.3743414991287935,0.3743414991287935
6,qjjttj,kkqqtj,131312121011,prime,exact,exact,0.027939128432324486,0.027939128432324486,0.027939128432324486,0.601233216661464,0.601233216661464,0.601233216661464
6,qjjttj,kkqjjj,131312111111,prime,exact,exact,0.0018224741088421594,0.0018224741088421594,0.0018224741088421594,0.10775477377859681,0.10775477377859681,0.10775477377859681
6,qjjttj,kkqtjj,131312101111,prime,exact,exact,0.012410140999356188,0.012410140999356188,0.012410140999356188,0.38081991286755895,0.38081991286755895,0.38081991286755895
6,qjjttj,kkjkjk,131311131113,prime,exact,exact,0.0009134774039093829,0.0009134774039093829,0.0009134774039093829,0.09010109634046105,0.09010109634046105,0.09010109634046105
6,qjjttj,kkjqkj,131311121311,prime,exact,exact,0.00547962520325278,0.00547962520325278,0.00547962520325278,0.26113121904386793,0.26113121904386793,0.26113121904386793
6,qjjttj,kqkktk,131213131013,prime,exact,exact,0.010132354126285102,0.010132354126285102,0.010132354126285102,0.367274138686504,0.367274138686504,0.367274138686504
6,qjjttj,kqtqkk,131210121313,prime,exact,exact,0.020176702234270164,0.020176702234270164,0.020176702234270164,0.5447237804583238,0.5447237804583238,0.5447237804583238
6,qjjttj,kqtttk,131210101013,prime,exact,exact,0.00763409662714078,0.00763409662714078,0.00763409662714078,0.29274293335552554,0.29274293335552554,0.29274293335552554
6,qjjttj,kjjjtj,131111111011,prime,exact,exact,0.0,0.0,0.0,0.0,0.0,0.0
6,qjjttj,kjjtkk,131111101313,prime,exact,exact,0.0041334706230069995,0.0041334706230069995,0.0041334706230069995,0.2334360003106458,0.2334360003106458,0.2334360003106458
6,qjjttj,kjtqtj,131110121011,prime,exact,exact,0.005573599271630175,0.005573599271630175,0.005573599271630175,0.22526436479924852,0.22526436479924852,0.22526436479924852
6,qjjttj,ktqktk,131012131013,prime,exact,exact,0.014167535706778027,0.014167535706778027,0.014167535706778027,0.4467819436622613,0.4467819436622613,0.4467819436622613
6,qjjttj,ktttjj,131010101111,prime,exact,exact,0.0004720511034509303,0.0004720511034509303,0.0004720511034509303,0.04183691398665874,0.04183691398665874,0.04183691398665874
6,qjjttj,ktqqqj,131012121211,prime,exact,exact,0.012026570857344114,0.012026570857344114,0.012026570857344114,0.3815192870779938,0.3815192870779938,0.3815192870779938
6,qjjttj,ktjjqj,131011111211,prime,exact,exact,0.002173986599501439,0.002173986599501439,0.002173986599501439,0.10945535738502273,0.10945535738502273,0.10945535738502273
6,qjjttj,kttjkj,131010111311,prime,exact,exact,0.0034804015757533982,0.0034804015757533982,0.0034804015757533982,0.19650904199968294,0.19650904199968294,0.19650904199968294
6,qjjttj,qkkkqk,121313131213,prime,exact,exact,0.006292226640317514,0.006292226640317514,0.006292226640317514,0.3082616789933863,0.3082616789933863,0.3082616789933863
6,qjjttj,qkqqjj,121312121111,prime,exact,exact,0.0025077341957343503,0.0025077341957343503,0.0025077341957343503,0.14840681998934976,0.14840681998934976,0.14840681998934976
6,qjjttj,qqqttj,121212101011,prime,exact,exact,0.003135726245258442,0.003135726245258442,0.003135726245258442,0.2091419487902755,0.2091419487902755,0.2091419487902755
6,qjjttj,qqjqtj,121211121011,prime,exact,exact,0.0015484056442948283,0.0015484056442948283,0.0015484056442948283,0.12411276846897948,0.12411276846897948,0.12411276846897948
6,qjjttj,qqtjjj,121210111111,prime,exact,exact,0.0007441632064732641,0.0007441632064732641,0.0007441632064732641,0.06742664825478212,0.06742664825478212,0.06742664825478212
6,qjjttj,qqtttj,121210101011,prime,exact,exact,0.0020775125112826994,0.0020775125112826994,0.0020775125112826994,0.15245582857607815,0.15245582857607815,0.15245582857607815
6,qjjttj,qjqjkj,121112111311,prime,exact,exact,0.001257441330213431,0.001257441330213431,0.001257441330213431,0.08394660328863392,0.08394660328863392,0.08394660328863392
6,qjjttj,qjjjqj,121111111211,prime,exact,exact,0.0,0.0,0.0,0.0,0.0,0.0
6,qtqtkk,kkkktj,131313131011,prime,exact,exact,0.0008647462168321806,0.0008647462168321806,0.0008647462168321806,0.06289175863764633,0.06289175863764633,0.06289175863764633
6,qtqtkk,kkkqqj,131313121211,prime,exact,exact,0.0025077341957343503,0.0025077341957343503,0.0025077341957343503,0.14840681998934976,0.14840681998934976,0.14840681998934976
6,qtqtkk,kkkttj,131313101011,prime,exact,exact,0.0025077341957343503,0.0025077341957343503,0.0025077341957343503,0.14840681998934976,0.14840681998934976,0.14840681998934976
6,qtqtkk,kkqqqj,131312121211,prime,exact,exact,0.0025077341957343503,0.0025077341957343503,0.0025077341957343503,0.14840681998934976,0.14840681998934976,0.14840681998934976
6,qtqtkk,kkqqtj,131312121011,prime,exact,exact,0.012026570857344114,0.012026570857344114,0.012026570857344114,0.3815192870779938,0.3815192870779938,0.3815192870779938
6,qtqtkk,kkqjjj,131312111111,prime,exact,exact,0.011016661872137954,0.011016661872137954,0.011016661872137954,0.4119162988136329,0.4119162988136329,0.4119162988136329
6,qtqtkk,kkqtjj,131312101111,prime,exact,exact,0.023120858583516344,0.023120858583516344,0.023120858583516344,0.5483826118539675,0.5483826118539675,0.5483826118539675
6,qtqtkk,kkjkjk,131311131113,prime,exact,exact,0.0007229989317937492,0.0007229989317937492,0.0007229989317937492,0.06175803623336238,0.06175803623336238,0.06175803623336238
6,qtqtkk,kkjqkj,131311121311,prime,exact,exact,0.005760452007613738,0.005760452007613738,0.005760452007613738,0.2619410207612136,0.2619410207612136,0.2619410207612136
6,qtqtkk,kqkktk,131213131013,prime,exact,exact,0.0005113561849986008,0.0005113561849986008,0.0005113561849986008,0.05042081219052291,0.05042081219052291,0.05042081219052291
6,qtqtkk,kqtqkk,131210121313,prime,exact,exact,0.0015484056442948283,0.0015484056442948283,0.0015484056442948283,0.12411276846897948,0.12411276846897948,0.12411276846897948
6,qtqtkk,kqtttk,131210101013,prime,exact,exact,0.0015484056442948283,0.0015484056442948283,0.0015484056442948283,0.12411276846897948,0.12411276846897948,0.12411276846897948
6,qtqtkk,kjjjtj,131111111011,prime,exact,exact,0.007808584673238049,0.007808584673238049,0.007808584673238049,0.33547101669620105,0.33547101669620105,0.33547101669620105
6,qtqtkk,kjjtkk,131111101313,prime,exact,exact,0.005760452007613738,0.005760452007613738,0.005760452007613738,0.2619410207612136,0.2619410207612136,0.2619410207612136
6,qtqtkk,kjtqtj,131110121011,prime,exact,exact,0.023120858583516344,0.023120858583516344,0.023120858583516344,0.5483826118539675,0.5483826118539675,0.5483826118539675
6,qtqtkk,ktqktk,131012131013,prime,exact,exact,0.0015484056442948283,0.0015484056442948283,0.0015484056442948283,0.12411276846897948,0.12411276846897948,0.12411276846897948
6,qtqtkk,ktttjj,131010101111,prime,exact,exact,0.005760452007613738,0.005760452007613738,0.005760452007613738,0.2619410207612136,0.2619410207612136,0.2619410207612136
6,qtqtkk,ktqqqj,131012121211,prime,exact,exact,0.006931831554844327,0.006931831554844327,0.006931831554844327,0.26707958074946164,0.26707958074946164,0.26707958074946164
6,qtqtkk,ktjjqj,131011111211,prime,exact,exact,0.024787316837614582,0.024787316837614582,0.024787316837614582,0.5822544091403989,0.5822544091403989,0.5822544091403989
6,qtqtkk,kttjkj,131010111311,prime,exact,exact,0.009974810434553097,0.009974810434553097,0.009974810434553097,0.3743414991287935,0.3743414991287935,0.3743414991287935
6,qtqtkk,qkkkqk,121313131213,prime,exact,exact,0.00015156351544684827,0.00015156351544684827,0.00015156351544684827,0.022077752083424232,0.022077752083424232,0.022077752083424232
6,qtqtkk,qkqqjj,121312121111,prime,exact,exact,0.005760452007613738,0.005760452007613738,0.005760452007613738,0.2619410207612136,0.2619410207612136,0.2619410207612136
6,qtqtkk,qqqttj,121212101011,prime,exact,exact,0.0025077341957343503,0.0025077341957343503,0.0025077341957343503,0.14840681998934976,0.14840681998934976,0.14840681998934976
6,qtqtkk,qqjqtj,121211121011,prime,exact,exact,0.005760452007613738,0.005760452007613738,0.005760452007613738,0.2619410207612136,0.2619410207612136,0.2619410207612136
6,qtqtkk,qqtjjj,121210111111,prime,exact,exact,0.011016661872137954,0.011016661872137954,0.011016661872137954,0.4119162988136329,0.4119162988136329,0.4119162988136329
6,qtqtkk,qqtttj,121210101011,prime,exact,exact,0.0025077341957343503,0.0025077341957343503,0.0025077341957343503,0.14840681998934976,0.14840681998934976,0.14840681998934976
6,qtqtkk,qjqjkj,121112111311,prime,exact,exact,0.011016661872137954,0.011016661872137954,0.011016661872137954,0.4119162988136329,0.4119162988136329,0.4119162988136329
6,qtqtkk,qjjjqj,121111111211,prime,exact,exact,0.003135726245258442,0.003135726245258442,0.003135726245258442,0.2091419487902755,0.2091419487902755,0.2091419487902755
6,qtqtkk,qjjttj,121111101011,prime,exact,exact,0.011016661872137954,0.011016661872137954,0.011016661872137954,0.4119162988136329,0.4119162988136329,0.4119162988136329
6,qtqtkj,kkkktj,131313131011,prime,exact,exact,0.003475243895369315,0.003475243895369315,0.003475243895369315,0.19051650929132494,0.19051650929132494,0.19051650929132494
6,qtqtkj,kkkqqj,131313121211,prime,exact,exact,0.006493376175296769,0.006493376175296769,0.006493376175296769,0.29417112911157156,0.29417112911157156,0.29417112911157156
6,qtqtkj,kkkttj,131313101011,prime,exact,exact,0.006493376175296769,0.006493376175296769,0.006493376175296769,0.29417112911157156,0.29417112911157156,0.29417112911157156
6,qtqtkj,kkqqqj,131312121211,prime,exact,exact,0.004610289281963128,0.004610289281963128,0.004610289281963128,0.2306826744716705,0.2306826744716705,0.2306826744716705
6,qtqtkj,kkqqtj,131312121011,prime,exact,exact,0.019177753319880184,0.019177753319880184,0.019177753319880184,0.5031735905246966,0.5031735905246966,0.5031735905246966
6,qtqtkj,kkqjjj,131312111111,prime,exact,exact,0.00976850321918976,0.00976850321918976,0.00976850321918976,0.38243951630225026,0.38243951630225026,0.38243951630225026
6,qtqtkj,kkqtjj,131312101111,prime,exact,exact,0.02712216358148654,0.02712216358148654,0.02712216358148654,0.6056724024392771,0.6056724024392771,0.6056724024392771
6,qtqtkj,kkjkjk,131311131113,prime,exact,exact,0.0020775125112826994,0.0020775125112826994,0.0020775125112826994,0.15245582857607815,0.15245582857607815,0.15245582857607815
6,qtqtkj,kkjqkj,131311121311,prime,exact,exact,0.00976850321918976,0.00976850321918976,0.00976850321918976,0.38243951630225026,0.38243951630225026,0.38243951630225026
6,qtqtkj,kqkktk,131213131013,prime,exact,exact,0.0026035959104592117,0.0026035959104592117,0.0026035959104592117,0.16897578360992996,0.16897578360992996,0.16897578360992996
6,qtqtkj,kqtqkk,131210121313,prime,exact,exact,0.004977018142376234,0.004977018142376234,0.004977018142376234,0.2669617914087568,0.2669617914087568,0.2669617914087568
6,qtqtkj,kqtttk,131210101013,prime,exact,exact,0.003465284236696602,0.003465284236696602,0.003465284236696602,0.2054168608904854,0.2054168608904854,0.2054168608904854
6,qtqtkj,kjjjtj,131111111011,prime,exact,exact,0.003475243895369315,0.003475243895369315,0.003475243895369315,0.19051650929132494,0.19051650929132494,0.19051650929132494
6,qtqtkj,kjjtkk,131111101313,prime,exact,exact,0.00976850321918976,0.00976850321918976,0.00976850321918976,0.38243951630225026,0.38243951630225026,0.38243951630225026
6,qtqtkj,kjtqtj,131110121011,prime,exact,exact,0.019177753319880184,0.019177753319880184,0.019177753319880184,0.5031735905246966,0.5031735905246966,0.5031735905246966
6,qtqtkj,ktqktk,131012131013,prime,exact,exact,0.004977018142376234,0.004977018142376234,0.004977018142376234,0.2669617914087568,0.2669617914087568,0.2669617914087568
6,qtqtkj,ktttjj,131010101111,prime,exact,exact,0.004610289281963128,0.004610289281963128,0.004610289281963128,0.2306826744716705,0.2306826744716705,0.2306826744716705
6,qtqtkj,ktqqqj,131012121211,prime,exact,exact,0.007643591447847843,0.007643591447847843,0.007643591447847843,0.28457129784412827,0.28457129784412827,0.28457129784412827
6,qtqtkj,ktjjqj,131011111211,prime,exact,exact,0.015594747923060029,0.015594747923060029,0.015594747923060029,0.4502788147144358,0.4502788147144358,0.4502788147144358
6,qtqtkj,kttjkj,131010111311,prime,exact,exact,0.01209977475279548,0.01209977475279548,0.01209977475279548,0.43135154002992915,0.43135154002992915,0.43135154002992915
6,qtqtkj,qkkkqk,121313131213,prime,exact,exact,0.0009134774039093829,0.0009134774039093829,0.0009134774039093829,0.09010109634046105,0.09010109634046105,0.09010109634046105
6,qtqtkj,qkqqjj,121312121111,prime,exact,exact,0.004610289281963128,0.004610289281963128,0.004610289281963128,0.2306826744716705,0.2306826744716705,0.2306826744716705
6,qtqtkj,qqqttj,121212101011,prime,exact,exact,0.0020744890434713404,0.0020744890434713404,0.0020744890434713404,0.14063272350283126,0.14063272350283126,0.14063272350283126
6,qtqtkj,qqjqtj,121211121011,prime,exact,exact,0.003465284236696602,0.003465284236696602,0.003465284236696602,0.2054168608904854,0.2054168608904854,0.2054168608904854
6,qtqtkj,qqtjjj,121210111111,prime,exact,exact,0.004977018142376234,0.004977018142376234,0.004977018142376234,0.2669617914087568,0.2669617914087568,0.2669617914087568
6,qtqtkj,qqtttj,121210101011,prime,exact,exact,0.0020744890434713404,0.0020744890434713404,0.0020744890434713404,0.14063272350283126,0.14063272350283126,0.14063272350283126
6,qtqtkj,qjqjkj,121112111311,prime,exact,exact,0.006493376175296769,0.006493376175296769,0.006493376175296769,0.29417112911157156,0.29417112911157156,0.29417112911157156
6,qtqtkj,qjjjqj,121111111211,prime,exact,exact,0.0009134774039093829,0.0009134774039093829,0.0009134774039093829,0.09010109634046105,0.09010109634046105,0.09010109634046105
6,qtqtkj,qjjttj,121111101011,prime,exact,exact,0.004977018142376234,0.004977018142376234,0.004977018142376234,0.2669617914087568,0.2669617914087568,0.2669617914087568
6,qtqtkj,qtqtkk,121012101313,prime,exact,exact,0.006292226640317514,0.006292226640317514,0.006292226640317514,0.3082616789933863,0.3082616789933863,0.3082616789933863
6,qtttjj,kkkktj,131313131011,prime,exact,exact,0.004977018142376234,0.004977018142376234,0.004977018142376234,0.2669617914087568,0.2669617914087568,0.2669617914087568
6,qtttjj,kkkqqj,131313121211,prime,exact,exact,0.020176702234270164,0.020176702234270164,0.020176702234270164,0.5447237804583238,0.5447237804583238,0.5447237804583238
6,qtttjj,kkkttj,131313101011,prime,exact,exact,0.0041334706230069995,0.0041334706230069995,0.0041334706230069995,0.2334360003106458,0.2334360003106458,0.2334360003106458
6,qtttjj,kkqqqj,131312121211,prime,exact,exact,0.01530878971176522,0.01530878971176522,0.01530878971176522,0.4578246943533387,0.4578246943533387,0.4578246943533387
6,qtttjj,kkqqtj,131312121011,prime,exact,exact,0.027939128432324486,0.027939128432324486,0.027939128432324486,0.601233216661464,0.601233216661464,0.601233216661464
6,qtttjj,kkqjjj,131312111111,prime,exact,exact,0.00763409662714078,0.00763409662714078,0.00763409662714078,0.29274293335552554,0.29274293335552554,0.29274293335552554
6,qtttjj,kkqtjj,131312101111,prime,exact,exact,0.01966052392583127,0.01966052392583127,0.01966052392583127,0.4957013292237342,0.4957013292237342,0.4957013292237342
6,qtttjj,kkjkjk,131311131113,prime,exact,exact,0.003135726245258442,0.003135726245258442,0.003135726245258442,0.2091419487902755,0.2091419487902755,0.2091419487902755
6,qtttjj,kkjqkj,131311121311,prime,exact,exact,0.014167535706778027,0.014167535706778027,0.014167535706778027,0.4467819436622613,0.4467819436622613,0.4467819436622613
6,qtttjj,kqkktk,131213131013,prime,exact,exact,0.006493376175296769,0.006493376175296769,0.006493376175296769,0.29417112911157156,0.29417112911157156,0.29417112911157156
6,qtttjj,kqtqkk,131210121313,prime,exact,exact,0.013518136858418428,0.013518136858418428,0.013518136858418428,0.46034244151090437,0.46034244151090437,0.46034244151090437
6,qtttjj,kqtttk,131210101013,prime,exact,exact,0.0018224741088421594,0.0018224741088421594,0.0018224741088421594,0.10775477377859681,0.10775477377859681,0.10775477377859681
6,qtttjj,kjjjtj,131111111011,prime,exact,exact,0.0004720511034509303,0.0004720511034509303,0.0004720511034509303,0.04183691398665874,0.04183691398665874,0.04183691398665874
6,qtttjj,kjjtkk,131111101313,prime,exact,exact,0.0071690323056117005,0.0071690323056117005,0.0071690323056117005,0.3357949373831393,0.3357949373831393,0.3357949373831393
6,qtttjj,kjtqtj,131110121011,prime,exact,exact,0.005573599271630175,0.005573599271630175,0.005573599271630175,0.22526436479924852,0.22526436479924852,0.22526436479924852
6,qtttjj,ktqktk,131012131013,prime,exact,exact,0.00547962520325278,0.00547962520325278,0.00547962520325278,0.26113121904386793,0.26113121904386793,0.26113121904386793
6,qtttjj,ktttjj,131010101111,prime,exact,exact,0.0004720511034509303,0.0004720511034509303,0.0004720511034509303,0.04183691398665874,0.04183691398665874,0.04183691398665874
6,qtttjj,ktqqqj,131012121211,prime,exact,exact,0.012026570857344114,0.012026570857344114,0.012026570857344114,0.3815192870779938,0.3815192870779938,0.3815192870779938
6,qtttjj,ktjjqj,131011111211,prime,exact,exact,0.005573599271630175,0.005573599271630175,0.005573599271630175,0.22526436479924852,0.22526436479924852,0.22526436479924852
6,qtttjj,kttjkj,131010111311,prime,exact,exact,0.0034804015757533982,0.0034804015757533982,0.0034804015757533982,0.19650904199968294,0.19650904199968294,0.19650904199968294
6,qtttjj,qkkkqk,121313131213,prime,exact,exact,0.006292226640317514,0.006292226640317514,0.006292226640317514,0.3082616789933863,0.3082616789933863,0.3082616789933863
6,qtttjj,qkqqjj,121312121111,prime,exact,exact,0.007734032747686297,0.007734032747686297,0.007734032747686297,0.30653900988557825,0.30653900988557825,0.30653900988557825
6,qtttjj,qqqttj,121212101011,prime,exact,exact,0.0015484056442948283,0.0015484056442948283,0.0015484056442948283,0.12411276846897948,0.12411276846897948,0.12411276846897948
6,qtttjj,qqjqtj,121211121011,prime,exact,exact,0.003135726245258442,0.003135726245258442,0.003135726245258442,0.2091419487902755,0.2091419487902755,0.2091419487902755
6,qtttjj,qqtjjj,121210111111,prime,exact,exact,0.0020775125112826994,0.0020775125112826994,0.0020775125112826994,0.15245582857607815,0.15245582857607815,0.15245582857607815
6,qtttjj,qqtttj,121210101011,prime,exact,exact,0.0007441632064732641,0.0007441632064732641,0.0007441632064732641,0.06742664825478212,0.06742664825478212,0.06742664825478212
6,qtttjj,qjqjkj,121112111311,prime,exact,exact,0.005548987111866317,0.005548987111866317,0.005548987111866317,0.24234381920144824,0.24234381920144824,0.24234381920144824
6,qtttjj,qjjjqj,121111111211,prime,exact,exact,0.0004055348116010265,0.0004055348116010265,0.0004055348116010265,0.044752200169103175,0.044752200169103175,0.044752200169103175
6,qtttjj,qjjttj,121111101011,prime,exact,exact,0.0003843705369215116,0.0003843705369215116,0.0003843705369215116,0.03908358814768344,0.03908358814768344,0.03908358814768344
6,qtttjj,qtqtkk,121012101313,prime,exact,exact,0.0075426973568861605,0.0075426973568861605,0.0075426973568861605,0.3123106875801147,0.3123106875801147,0.3123106875801147
6,qtttjj,qtqtkj,121012101311,prime,exact,exact,0.009081151361452143,0.009081151361452143,0.009081151361452143,0.3184283714629716,0.3184283714629716,0.3184283714629716
6,jjkjkj,kkkktj,131313131011,prime,exact,exact,0.0,0.0,0.0,0.0,0.0,0.0
6,jjkjkj,kkkqqj,131313121211,prime,exact,exact,0.0007229989317937492,0.0007229989317937492,0.0007229989317937492,0.06175803623336238,0.06175803623336238,0.06175803623336238
6,jjkjkj,kkkttj,131313101011,prime,exact,exact,0.0007229989317937492,0.0007229989317937492,0.0007229989317937492,0.06175803623336238,0.06175803623336238,0.06175803623336238
6,jjkjkj,kkqqqj,131312121211,prime,exact,exact,0.002500798004872997,0.002500798004872997,0.002500798004872997,0.1751302766617571,0.1751302766617571,0.1751302766617571
6,jjkjkj,kkqqtj,131312121011,prime,exact,exact,0.009163583301038981,0.009163583301038981,0.009163583301038981,0.30675986489939977,0.30675986489939977,0.30675986489939977
6,jjkjkj,kkqjjj,131312111111,prime,exact,exact,0.0,0.0,0.0,0.0,0.0,0.0
6,jjkjkj,kkqtjj,131312101111,prime,exact,exact,0.0014565031364165263,0.0014565031364165263,0.0014565031364165263,0.07809394542236289,0.07809394542236289,0.07809394542236289
6,jjkjkj,kkjkjk,131311131113,prime,exact,exact,0.0,0.0,0.0,0.0,0.0,0.0
6,jjkjkj,kkjqkj,131311121311,prime,exact,exact,0.0,0.0,0.0,0.0,0.0,0.0
6,jjkjkj,kqkktk,131213131013,prime,exact,exact,0.0014565031364165263,0.0014565031364165263,0.0014565031364165263,0.07809394542236289,0.07809394542236289,0.07809394542236289
6,jjkjkj,kqtqkk,131210121313,prime,exact,exact,0.009163583301038981,0.009163583301038981,0.009163583301038981,0.30675986489939977,0.30675986489939977,0.30675986489939977
6,jjkjkj,kqtttk,131210101013,prime,exact,exact,0.016730082317606396,0.016730082317606396,0.016730082317606396,0.46216817629182916,0.46216817629182916,0.46216817629182916
6,jjkjkj,kjjjtj,131111111011,prime,exact,exact,0.0,0.0,0.0,0.0,0.0,0.0
6,jjkjkj,kjjtkk,131111101313,prime,exact,exact,0.0,0.0,0.0,0.0,0.0,0.0
6,jjkjkj,kjtqtj,131110121011,prime,exact,exact,0.004074983901755044,0.004074983901755044,0.004074983901755044,0.17122114291711568,0.17122114291711568,0.17122114291711568
6,jjkjkj,ktqktk,131012131013,prime,exact,exact,0.009163583301038981,0.009163583301038981,0.009163583301038981,0.30675986489939977,0.30675986489939977,0.30675986489939977
6,jjkjkj,ktttjj,131010101111,prime,exact,exact,0.0009769702279479274,0.0009769702279479274,0.0009769702279479274,0.08443248431904132,0.08443248431904132,0.08443248431904132
6,jjkjkj,ktqqqj,131012121211,prime,exact,exact,0.010638714248475614,0.010638714248475614,0.010638714248475614,0.35457497539176497,0.35457497539176497,0.35457497539176497
6,jjkjkj,ktjjqj,131011111211,prime,exact,exact,0.0,0.0,0.0,0.0,0.0,0.0
6,jjkjkj,kttjkj,131010111311,prime,exact,exact,0.0007229989317937492,0.0007229989317937492,0.0007229989317937492,0.06175803623336238,0.06175803623336238,0.06175803623336238
6,jjkjkj,qkkkqk,121313131213,prime,exact,exact,0.0007229989317937492,0.0007229989317937492,0.0007229989317937492,0.06175803623336238,0.06175803623336238,0.06175803623336238
6,jjkjkj,qkqqjj,121312121111,prime,exact,exact,0.0009769702279479274,0.0009769702279479274,0.0009769702279479274,0.08443248431904132,0.08443248431904132,0.08443248431904132
6,jjkjkj,qqqttj,121212101011,prime,exact,exact,0.008827137623570666,0.008827137623570666,0.008827137623570666,0.34761804245638617,0.34761804245638617,0.34761804245638617
6,jjkjkj,qqjqtj,121211121011,prime,exact,exact,0.0016501364435946814,0.0016501364435946814,0.0016501364435946814,0.1050014479396215,0.1050014479396215,0.1050014479396215
6,jjkjkj,qqtjjj,121210111111,prime,exact,exact,0.0,0.0,0.0,0.0,0.0,0.0
6,jjkjkj,qqtttj,121210101011,prime,exact,exact,0.008827137623570666,0.008827137623570666,0.008827137623570666,0.34761804245638617,0.34761804245638617,0.34761804245638617
6,jjkjkj,qjqjkj,121112111311,prime,exact,exact,0.0,0.0,0.0,0.0,0.0,0.0
6,jjkjkj,qjjjqj,121111111211,prime,exact,exact,0.0,0.0,0.0,0.0,0.0,0.0
6,jjkjkj,qjjttj,121111101011,prime,exact,exact,0.0,0.0,0.0,0.0,0.0,0.0
6,jjkjkj,qtqtkk,121012101313,prime,exact,exact,0.028765353663852036,0.028765353663852036,0.028765353663852036,0.59610201850701,0.59610201850701,0.59610201850701
6,jjkjkj,qtqtkj,121012101311,prime,exact,exact,0.019659086970207018,0.019659086970207018,0.019659086970207018,0.4945160739828919,0.4945160739828919,0.4945160739828919
6,jjkjkj,qtttjj,121010101111,prime,exact,exact,0.0016501364435946814,0.0016501364435946814,0.0016501364435946814,0.1050014479396215,0.1050014479396215,0.1050014479396215
6,tjtttk,kkkktj,131313131011,prime,exact,exact,0.0003843705369215116,0.0003843705369215116,0.0003843705369215116,0.03908358814768344,0.03908358814768344,0.03908358814768344
6,tjtttk,kkkqqj,131313121211,prime,exact,exact,0.01966052392583127,0.01966052392583127,0.01966052392583127,0.4957013292237342,0.4957013292237342,0.4957013292237342
6,tjtttk,kkkttj,131313101011,prime,exact,exact,0.0003843705369215116,0.0003843705369215116,0.0003843705369215116,0.03908358814768344,0.03908358814768344,0.03908358814768344
6,tjtttk,kkqqqj,131312121211,prime,exact,exact,0.025599241228077173,0.025599241228077173,0.025599241228077173,0.5823501129797216,0.5823501129797216,0.5823501129797216
6,tjtttk,kkqqtj,131312121011,prime,exact,exact,0.015944677943601465,0.015944677943601465,0.015944677943601465,0.44347648028873216,0.44347648028873216,0.44347648028873216
6,tjtttk,kkqjjj,131312111111,prime,exact,exact,0.01493626452402392,0.01493626452402392,0.01493626452402392,0.431763802722396,0.431763802722396,0.431763802722396
6,tjtttk,kkqtjj,131312101111,prime,exact,exact,0.011754590121572941,0.011754590121572941,0.011754590121572941,0.374415117466734,0.374415117466734,0.374415117466734
6,tjtttk,kkjkjk,131311131113,prime,exact,exact,0.0020775125112826994,0.0020775125112826994,0.0020775125112826994,0.15245582857607815,0.15245582857607815,0.15245582857607815
6,tjtttk,kkjqkj,131311121311,prime,exact,exact,0.01493626452402392,0.01493626452402392,0.01493626452402392,0.431763802722396,0.431763802722396,0.431763802722396
6,tjtttk,kqkktk,131213131013,prime,exact,exact,0.0004720511034509303,0.0004720511034509303,0.0004720511034509303,0.04183691398665874,0.04183691398665874,0.04183691398665874
6,tjtttk,kqtqkk,131210121313,prime,exact,exact,0.0034804015757533982,0.0034804015757533982,0.0034804015757533982,0.19650904199968294,0.19650904199968294,0.19650904199968294
6,tjtttk,kqtttk,131210101013,prime,exact,exact,0.0,0.0,0.0,0.0,0.0,0.0
6,tjtttk,kjjjtj,131111111011,prime,exact,exact,0.0003843705369215116,0.0003843705369215116,0.0003843705369215116,0.03908358814768344,0.03908358814768344,0.03908358814768344
6,tjtttk,kjjtkk,131111101313,prime,exact,exact,0.0020775125112826994,0.0020775125112826994,0.0020775125112826994,0.15245582857607815,0.15245582857607815,0.15245582857607815
6,tjtttk,kjtqtj,131110121011,prime,exact,exact,0.0031584386324670353,0.0031584386324670353,0.0031584386324670353,0.14571238882072687,0.14571238882072687,0.14571238882072687
6,tjtttk,ktqktk,131012131013,prime,exact,exact,0.0004720511034509303,0.0004720511034509303,0.0004720511034509303,0.04183691398665874,0.04183691398665874,0.04183691398665874
6,tjtttk,ktttjj,131010101111,prime,exact,exact,0.0,0.0,0.0,0.0,0.0,0.0
6,tjtttk,ktqqqj,131012121211,prime,exact,exact,0.011680565686060471,0.011680565686060471,0.011680565686060471,0.3756298200427525,0.3756298200427525,0.3756298200427525
6,tjtttk,ktjjqj,131011111211,prime,exact,exact,0.005573599271630175,0.005573599271630175,0.005573599271630175,0.22526436479924852,0.22526436479924852,0.22526436479924852
6,tjtttk,kttjkj,131010111311,prime,exact,exact,0.0010827916013455017,0.0010827916013455017,0.0010827916013455017,0.09010109634046105,0.09010109634046105,0.09010109634046105
6,tjtttk,qkkkqk,121313131213,prime,exact,exact,0.0034804015757533982,0.0034804015757533982,0.0034804015757533982,0.19650904199968294,0.19650904199968294,0.19650904199968294
6,tjtttk,qkqqjj,121312121111,prime,exact,exact,0.025599241228077173,0.025599241228077173,0.025599241228077173,0.5823501129797216,0.5823501129797216,0.5823501129797216
6,tjtttk,qqqttj,121212101011,prime,exact,exact,0.0013458333009337578,0.0013458333009337578,0.0013458333009337578,0.09836107385738696,0.09836107385738696,0.09836107385738696
6,tjtttk,qqjqtj,121211121011,prime,exact,exact,0.005397280168155172,0.005397280168155172,0.005397280168155172,0.2778131344211889,0.2778131344211889,0.2778131344211889
6,tjtttk,qqtjjj,121210111111,prime,exact,exact,0.0034804015757533982,0.0034804015757533982,0.0034804015757533982,0.19650904199968294,0.19650904199968294,0.19650904199968294
6,tjtttk,qqtttj,121210101011,prime,exact,exact,0.0,0.0,0.0,0.0,0.0,0.0
6,tjtttk,qjqjkj,121112111311,prime,exact,exact,0.01966052392583127,0.01966052392583127,0.01966052392583127,0.4957013292237342,0.4957013292237342,0.4957013292237342
6,tjtttk,qjjjqj,121111111211,prime,exact,exact,0.0034804015757533982,0.0034804015757533982,0.0034804015757533982,0.19650904199968294,0.19650904199968294,0.19650904199968294
6,tjtttk,qjjttj,121111101011,prime,exact,exact,0.0004720511034509303,0.0004720511034509303,0.0004720511034509303,0.04183691398665874,0.04183691398665874,0.04183691398665874
6,tjtttk,qtqtkk,121012101313,prime,exact,exact,0.0019263391207147364,0.0019263391207147364,0.0019263391207147364,0.12362688743857207,0.12362688743857207,0.12362688743857207
6,tjtttk,qtqtkj,121012101311,prime,exact,exact,0.00457278898434296,0.00457278898434296,0.00457278898434296,0.18628345485974526,0.18628345485974526,0.18628345485974526
6,tjtttk,qtttjj,121010101111,prime,exact,exact,0.0,0.0,0.0,0.0,0.0,0.0
6,tjtttk,jjkjkj,111113111311,prime,exact,exact,0.0020775125112826994,0.0020775125112826994,0.0020775125112826994,0.15245582857607815,0.15245582857607815,0.15245582857607815
6,9kkqjk,kkkktj,131313131011,prime,exact,exact,0.0,0.0,0.0,0.0,0.0,0.0
6,9kkqjk,kkkqqj,131313121211,prime,exact,exact,0.0010253457129296756,0.0010253457129296756,0.0010253457129296756,0.07860191195415245,0.07860191195415245,0.07860191195415245
6,9kkqjk,kkkttj,131313101011,prime,exact,exact,0.0018224741088421594,0.0018224741088421594,0.0018224741088421594,0.10775477377859681,0.10775477377859681,0.10775477377859681
6,9kkqjk,kkqqqj,131312121211,prime,exact,exact,0.0020744890434713404,0.0020744890434713404,0.0020744890434713404,0.14063272350283126,0.14063272350283126,0.14063272350283126
6,9kkqjk,kkqqtj,131312121011,prime,exact,exact,0.011969471282991896,0.011969471282991896,0.011969471282991896,0.35384211671149257,0.35384211671149257,0.35384211671149257
6,9kkqjk,kkqjjj,131312111111,prime,exact,exact,0.0020744890434713404,0.0020744890434713404,0.0020744890434713404,0.14063272350283126,0.14063272350283126,0.14063272350283126
6,9kkqjk,kkqtjj,131312101111,prime,exact,exact,0.011969471282991896,0.011969471282991896,0.011969471282991896,0.35384211671149257,0.35384211671149257,0.35384211671149257
6,9kkqjk,kkjkjk,131311131113,prime,exact,exact,0.0,0.0,0.0,0.0,0.0,0.0
6,9kkqjk,kkjqkj,131311121311,prime,exact,exact,0.0010253457129296756,0.0010253457129296756,0.0010253457129296756,0.07860191195415245,0.07860191195415245,0.07860191195415245
6,9kkqjk,kqkktk,131213131013,prime,exact,exact,0.0,0.0,0.0,0.0,0.0,0.0
6,9kkqjk,kqtqkk,131210121313,prime,exact,exact,0.001257441330213431,0.001257441330213431,0.001257441330213431,0.08394660328863392,0.08394660328863392,0.08394660328863392
6,9kkqjk,kqtttk,131210101013,prime,exact,exact,0.00547962520325278,0.00547962520325278,0.00547962520325278,0.26113121904386793,0.26113121904386793,0.26113121904386793
6,9kkqjk,kjjjtj,131111111011,prime,exact,exact,0.0025077341957343503,0.0025077341957343503,0.0025077341957343503,0.14840681998934976,0.14840681998934976,0.14840681998934976
6,9kkqjk,kjjtkk,131111101313,prime,exact,exact,0.001257441330213431,0.001257441330213431,0.001257441330213431,0.08394660328863392,0.08394660328863392,0.08394660328863392
6,9kkqjk,kjtqtj,131110121011,prime,exact,exact,0.03537671529844666,0.03537671529844666,0.03537671529844666,0.6412834923291806,0.6412834923291806,0.6412834923291806
6,9kkqjk,ktqktk,131012131013,prime,exact,exact,0.0018224741088421594,0.0018224741088421594,0.0018224741088421594,0.10775477377859681,0.10775477377859681,0.10775477377859681
6,9kkqjk,ktttjj,131010101111,prime,exact,exact,0.013518136858418428,0.013518136858418428,0.013518136858418428,0.46034244151090437,0.46034244151090437,0.46034244151090437
6,9kkqjk,ktqqqj,131012121211,prime,exact,exact,0.015528821121376381,0.015528821121376381,0.015528821121376381,0.41592279874716337,0.41592279874716337,0.41592279874716337
6,9kkqjk,ktjjqj,131011111211,prime,exact,exact,0.015528821121376381,0.015528821121376381,0.015528821121376381,0.41592279874716337,0.41592279874716337,0.41592279874716337
6,9kkqjk,kttjkj,131010111311,prime,exact,exact,0.0075426973568861605,0.0075426973568861605,0.0075426973568861605,0.3123106875801147,0.3123106875801147,0.3123106875801147
6,9kkqjk,qkkkqk,121313131213,prime,exact,exact,0.0,0.0,0.0,0.0,0.0,0.0
6,9kkqjk,qkqqjj,121312121111,prime,exact,exact,0.006292226640317514,0.006292226640317514,0.006292226640317514,0.3082616789933863,0.3082616789933863,0.3082616789933863
6,9kkqjk,qqqttj,121212101011,prime,exact,exact,0.01966052392583127,0.01966052392583127,0.01966052392583127,0.4957013292237342,0.4957013292237342,0.4957013292237342
6,9kkqjk,qqjqtj,121211121011,prime,exact,exact,0.01493626452402392,0.01493626452402392,0.01493626452402392,0.431763802722396,0.431763802722396,0.431763802722396
6,9kkqjk,qqtjjj,121210111111,prime,exact,exact,0.01493626452402392,0.01493626452402392,0.01493626452402392,0.431763802722396,0.431763802722396,0.431763802722396
6,9kkqjk,qqtttj,121210101011,prime,exact,exact,0.025599241228077173,0.025599241228077173,0.025599241228077173,0.5823501129797216,0.5823501129797216,0.5823501129797216
6,9kkqjk,qjqjkj,121112111311,prime,exact,exact,0.006292226640317514,0.006292226640317514,0.006292226640317514,0.3082616789933863,0.3082616789933863,0.3082616789933863
6,9kkqjk,qjjjqj,121111111211,prime,exact,exact,0.0020775125112826994,0.0020775125112826994,0.0020775125112826994,0.15245582857607815,0.15245582857607815,0.15245582857607815
6,9kkqjk,qjjttj,121111101011,prime,exact,exact,0.01966052392583127,0.01966052392583127,0.01966052392583127,0.4957013292237342,0.4957013292237342,0.4957013292237342
6,9kkqjk,qtqtkk,121012101313,prime,exact,exact,0.0075426973568861605,0.0075426973568861605,0.0075426973568861605,0.3123106875801147,0.3123106875801147,0.3123106875801147
6,9kkqjk,qtqtkj,121012101311,prime,exact,exact,0.03537671529844666,0.03537671529844666,0.03537671529844666,0.6412834923291806,0.6412834923291806,0.6412834923291806
6,9kkqjk,qtttjj,121010101111,prime,exact,exact,0.025599241228077173,0.025599241228077173,0.025599241228077173,0.5823501129797216,0.5823501129797216,0.5823501129797216
6,9kkqjk,jjkjkj,111113111311,prime,exact,exact,0.00015156351544684827,0.00015156351544684827,0.00015156351544684827,0.022077752083424232,0.022077752083424232,0.022077752083424232
6,9kkqjk,tjtttk,101110101013,prime,exact,exact,0.006493376175296769,0.006493376175296769,0.006493376175296769,0.29417112911157156,0.29417112911157156,0.29417112911157156
6,9kkjjj,kkkktj,131313131011,prime,exact,exact,0.0004720511034509303,0.0004720511034509303,0.0004720511034509303,0.04183691398665874,0.04183691398665874,0.04183691398665874
6,9kkjjj,kkkqqj,131313121211,prime,exact,exact,0.0034804015757533982,0.0034804015757533982,0.0034804015757533982,0.19650904199968294,0.19650904199968294,0.19650904199968294
6,9kkjjj,kkkttj,131313101011,prime,exact,exact,0.0034804015757533982,0.0034804015757533982,0.0034804015757533982,0.19650904199968294,0.19650904199968294,0.19650904199968294
6,9kkjjj,kkqqqj,131312121211,prime,exact,exact,0.0071690323056117005,0.0071690323056117005,0.0071690323056117005,0.3357949373831393,0.3357949373831393,0.3357949373831393
6,9kkjjj,kkqqtj,131312121011,prime,exact,exact,0.02318560373188619,0.02318560373188619,0.02318560373188619,0.5122547687274235,0.5122547687274235,0.5122547687274235
6,9kkjjj,kkqjjj,131312111111,prime,exact,exact,0.0004720511034509303,0.0004720511034509303,0.0004720511034509303,0.04183691398665874,0.04183691398665874,0.04183691398665874
6,9kkjjj,kkqtjj,131312101111,prime,exact,exact,0.006702305063747441,0.006702305063747441,0.006702305063747441,0.2366241493004891,0.2366241493004891,0.2366241493004891
6,9kkjjj,kkjkjk,131311131113,prime,exact,exact,0.0,0.0,0.0,0.0,0.0,0.0
6,9kkjjj,kkjqkj,131311121311,prime,exact,exact,0.0004720511034509303,0.0004720511034509303,0.0004720511034509303,0.04183691398665874,0.04183691398665874,0.04183691398665874
6,9kkjjj,kqkktk,131213131013,prime,exact,exact,0.0014565031364165263,0.0014565031364165263,0.0014565031364165263,0.07809394542236289,0.07809394542236289,0.07809394542236289
6,9kkjjj,kqtqkk,131210121313,prime,exact,exact,0.009163583301038981,0.009163583301038981,0.009163583301038981,0.30675986489939977,0.30675986489939977,0.30675986489939977
6,9kkjjj,kqtttk,131210101013,prime,exact,exact,0.016730082317606396,0.016730082317606396,0.016730082317606396,0.46216817629182916,0.46216817629182916,0.46216817629182916
6,9kkjjj,kjjjtj,131111111011,prime,exact,exact,0.0,0.0,0.0,0.0,0.0,0.0
6,9kkjjj,kjjtkk,131111101313,prime,exact,exact,0.0004720511034509303,0.0004720511034509303,0.0004720511034509303,0.04183691398665874,0.04183691398665874,0.04183691398665874
6,9kkjjj,kjtqtj,131110121011,prime,exact,exact,0.014844961285511712,0.014844961285511712,0.014844961285511712,0.3977362195337421,0.3977362195337421,0.3977362195337421
6,9kkjjj,ktqktk,131012131013,prime,exact,exact,0.009163583301038981,0.009163583301038981,0.009163583301038981,0.30675986489939977,0.30675986489939977,0.30675986489939977
6,9kkjjj,ktttjj,131010101111,prime,exact,exact,0.0041334706230069995,0.0041334706230069995,0.0041334706230069995,0.2334360003106458,0.2334360003106458,0.2334360003106458
6,9kkjjj,ktqqqj,131012121211,prime,exact,exact,0.02501362518962866,0.02501362518962866,0.02501362518962866,0.5490095551190093,0.5490095551190093,0.5490095551190093
6,9kkjjj,ktjjqj,131011111211,prime,exact,exact,0.002658954135293544,0.002658954135293544,0.002658954135293544,0.11660132321395197,0.11660132321395197,0.11660132321395197
6,9kkjjj,kttjkj,131010111311,prime,exact,exact,0.0034804015757533982,0.0034804015757533982,0.0034804015757533982,0.19650904199968294,0.19650904199968294,0.19650904199968294
6,9kkjjj,qkkkqk,121313131213,prime,exact,exact,0.0007229989317937492,0.0007229989317937492,0.0007229989317937492,0.06175803623336238,0.06175803623336238,0.06175803623336238
6,9kkjjj,qkqqjj,121312121111,prime,exact,exact,0.0041334706230069995,0.0041334706230069995,0.0041334706230069995,0.2334360003106458,0.2334360003106458,0.2334360003106458
6,9kkjjj,qqqttj,121212101011,prime,exact,exact,0.020765146678090596,0.020765146678090596,0.020765146678090596,0.5394968784645472,0.5394968784645472,0.5394968784645472
6,9kkjjj,qqjqtj,121211121011,prime,exact,exact,0.006582431045376805,0.006582431045376805,0.006582431045376805,0.2738524678399891,0.2738524678399891,0.2738524678399891
6,9kkjjj,qqtjjj,121210111111,prime,exact,exact,0.002231806379324419,0.002231806379324419,0.002231806379324419,0.11486630522365066,0.11486630522365066,0.11486630522365066
6,9kkjjj,qqtttj,121210101011,prime,exact,exact,0.020765146678090596,0.020765146678090596,0.020765146678090596,0.5394968784645472,0.5394968784645472,0.5394968784645472
6,9kkjjj,qjqjkj,121112111311,prime,exact,exact,0.0013246690262542428,0.0013246690262542428,0.0013246690262542428,0.09269246183596723,0.09269246183596723,0.09269246183596723
6,9kkjjj,qjjjqj,121111111211,prime,exact,exact,0.0,0.0,0.0,0.0,0.0,0.0
6,9kkjjj,qjjttj,121111101011,prime,exact,exact,0.002231806379324419,0.002231806379324419,0.002231806379324419,0.11486630522365066,0.11486630522365066,0.11486630522365066
6,9kkjjj,qtqtkk,121012101313,prime,exact,exact,0.028765353663852036,0.028765353663852036,0.028765353663852036,0.59610201850701,0.59610201850701,0.59610201850701
6,9kkjjj,qtqtkj,121012101311,prime,exact,exact,0.042111469898681746,0.042111469898681746,0.042111469898681746,0.6886400318197292,0.6886400318197292,0.6886400318197292
6,9kkjjj,qtttjj,121010101111,prime,exact,exact,0.006582431045376805,0.006582431045376805,0.006582431045376805,0.2738524678399891,0.2738524678399891,0.2738524678399891
6,9kkjjj,jjkjkj,111113111311,prime,exact,exact,0.0,0.0,0.0,0.0,0.0,0.0
6,9kkjjj,tjtttk,101110101013,prime,exact,exact,0.004977018142376234,0.004977018142376234,0.004977018142376234,0.2669617914087568,0.2669617914087568,0.2669617914087568
6,9kkjjj,9kkqjk,91313121113,prime,exact,exact,0.004965736526339463,0.004965736526339463,0.004965736526339463,0.21324116857036776,0.21324116857036776,0.21324116857036776
6,9kktqk,kkkktj,131313131011,prime,exact,exact,0.0,0.0,0.0,0.0,0.0,0.0
6,9kktqk,kkkqqj,131313121211,prime,exact,exact,0.001257441330213431,0.001257441330213431,0.001257441330213431,0.08394660328863392,0.08394660328863392,0.08394660328863392
6,9kktqk,kkkttj,131313101011,prime,exact,exact,0.001257441330213431,0.001257441330213431,0.001257441330213431,0.08394660328863392,0.08394660328863392,0.08394660328863392
6,9kktqk,kkqqqj,131312121211,prime,exact,exact,0.0025077341957343503,0.0025077341957343503,0.0025077341957343503,0.14840681998934976,0.14840681998934976,0.14840681998934976
6,9kktqk,kkqqtj,131312121011,prime,exact,exact,0.011969471282991896,0.011969471282991896,0.011969471282991896,0.35384211671149257,0.35384211671149257,0.35384211671149257
6,9kktqk,kkqjjj,131312111111,prime,exact,exact,0.00547962520325278,0.00547962520325278,0.00547962520325278,0.26113121904386793,0.26113121904386793,0.26113121904386793
6,9kktqk,kkqtjj,131312101111,prime,exact,exact,0.016309273634556497,0.016309273634556497,0.016309273634556497,0.42142660068300014,0.42142660068300014,0.42142660068300014
6,9kktqk,kkjkjk,131311131113,prime,exact,exact,0.0,0.0,0.0,0.0,0.0,0.0
6,9kktqk,kkjqkj,131311121311,prime,exact,exact,0.0018224741088421594,0.0018224741088421594,0.0018224741088421594,0.10775477377859681,0.10775477377859681,0.10775477377859681
6,9kktqk,kqkktk,131213131013,prime,exact,exact,0.0,0.0,0.0,0.0,0.0,0.0
6,9kktqk,kqtqkk,131210121313,prime,exact,exact,0.0010253457129296756,0.0010253457129296756,0.0010253457129296756,0.07860191195415245,0.07860191195415245,0.07860191195415245
6,9kktqk,kqtttk,131210101013,prime,exact,exact,0.0020744890434713404,0.0020744890434713404,0.0020744890434713404,0.14063272350283126,0.14063272350283126,0.14063272350283126
6,9kktqk,kjjjtj,131111111011,prime,exact,exact,0.006493376175296769,0.006493376175296769,0.006493376175296769,0.29417112911157156,0.29417112911157156,0.29417112911157156
6,9kktqk,kjjtkk,131111101313,prime,exact,exact,0.0018224741088421594,0.0018224741088421594,0.0018224741088421594,0.10775477377859681,0.10775477377859681,0.10775477377859681
6,9kktqk,kjtqtj,131110121011,prime,exact,exact,0.03537671529844666,0.03537671529844666,0.03537671529844666,0.6412834923291806,0.6412834923291806,0.6412834923291806
6,9kktqk,ktqktk,131012131013,prime,exact,exact,0.0010253457129296756,0.0010253457129296756,0.0010253457129296756,0.07860191195415245,0.07860191195415245,0.07860191195415245
6,9kktqk,ktttjj,131010101111,prime,exact,exact,0.009974810434553097,0.009974810434553097,0.009974810434553097,0.3743414991287935,0.3743414991287935,0.3743414991287935
6,9kktqk,ktqqqj,131012121211,prime,exact,exact,0.015528821121376381,0.015528821121376381,0.015528821121376381,0.41592279874716337,0.41592279874716337,0.41592279874716337
6,9kktqk,ktjjqj,131011111211,prime,exact,exact,0.027061693182144707,0.027061693182144707,0.027061693182144707,0.5711539511715166,0.5711539511715166,0.5711539511715166
6,9kktqk,kttjkj,131010111311,prime,exact,exact,0.0075426973568861605,0.0075426973568861605,0.0075426973568861605,0.3123106875801147,0.3123106875801147,0.3123106875801147
6,9kktqk,qkkkqk,121313131213,prime,exact,exact,0.0,0.0,0.0,0.0,0.0,0.0
6,9kktqk,qkqqjj,121312121111,prime,exact,exact,0.009974810434553097,0.009974810434553097,0.009974810434553097,0.3743414991287935,0.3743414991287935,0.3743414991287935
6,9kktqk,qqqttj,121212101011,prime,exact,exact,0.01493626452402392,0.01493626452402392,0.01493626452402392,0.431763802722396,0.431763802722396,0.431763802722396
6,9kktqk,qqjqtj,121211121011,prime,exact,exact,0.01966052392583127,0.01966052392583127,0.01966052392583127,0.4957013292237342,0.4957013292237342,0.4957013292237342
6,9kktqk,qqtjjj,121210111111,prime,exact,exact,0.025599241228077173,0.025599241228077173,0.025599241228077173,0.5823501129797216,0.5823501129797216,0.5823501129797216
6,9kktqk,qqtttj,121210101011,prime,exact,exact,0.01493626452402392,0.01493626452402392,0.01493626452402392,0.431763802722396,0.431763802722396,0.431763802722396
6,9kktqk,qjqjkj,121112111311,prime,exact,exact,0.013518136858418428,0.013518136858418428,0.013518136858418428,0.46034244151090437,0.46034244151090437,0.46034244151090437
6,9kktqk,qjjjqj,121111111211,prime,exact,exact,0.006292226640317514,0.006292226640317514,0.006292226640317514,0.3082616789933863,0.3082616789933863,0.3082616789933863
6,9kktqk,qjjttj,121111101011,prime,exact,exact,0.025599241228077173,0.025599241228077173,0.025599241228077173,0.5823501129797216,0.5823501129797216,0.5823501129797216
6,9kktqk,qtqtkk,121012101313,prime,exact,exact,0.004571873455654092,0.004571873455654092,0.004571873455654092,0.2472026295055223,0.2472026295055223,0.2472026295055223
6,9kktqk,qtqtkj,121012101311,prime,exact,exact,0.027387169661543663,0.027387169661543663,0.027387169661543663,0.5720532822869383,0.5720532822869383,0.5720532822869383
6,9kktqk,qtttjj,121010101111,prime,exact,exact,0.01966052392583127,0.01966052392583127,0.01966052392583127,0.4957013292237342,0.4957013292237342,0.4957013292237342
6,9kktqk,jjkjkj,111113111311,prime,exact,exact,0.0009134774039093829,0.0009134774039093829,0.0009134774039093829,0.09010109634046105,0.09010109634046105,0.09010109634046105
6,9kktqk,tjtttk,101110101013,prime,exact,exact,0.0025077341957343503,0.0025077341957343503,0.0025077341957343503,0.14840681998934976,0.14840681998934976,0.14840681998934976
6,9kktqk,9kkqjk,91313121113,prime,exact,exact,0.0026278496123705183,0.0026278496123705183,0.0026278496123705183,0.1184523965823154,0.1184523965823154,0.1184523965823154
6,9kktqk,9kkjjj,91313111111,prime,exact,exact,0.004888180525027531,0.004888180525027531,0.004888180525027531,0.24767242585705196,0.24767242585705196,0.24767242585705196
6,9kqktj,kkkktj,131313131011,prime,exact,exact,0.0009705675902297549,0.0009705675902297549,0.0009705675902297549,0.06856037065906606,0.06856037065906606,0.06856037065906606
6,9kqktj,kkkqqj,131313121211,prime,exact,exact,0.004610289281963128,0.004610289281963128,0.004610289281963128,0.2306826744716705,0.2306826744716705,0.2306826744716705
6,9kqktj,kkkttj,131313101011,prime,exact,exact,0.004610289281963128,0.004610289281963128,0.004610289281963128,0.2306826744716705,0.2306826744716705,0.2306826744716705
6,9kqktj,kkqqqj,131312121211,prime,exact,exact,0.006493376175296769,0.006493376175296769,0.006493376175296769,0.29417112911157156,0.29417112911157156,0.29417112911157156
6,9kqktj,kkqqtj,131312121011,prime,exact,exact,0.02451609431580421,0.02451609431580421,0.02451609431580421,0.5421131792035494,0.5421131792035494,0.5421131792035494
6,9kqktj,kkqjjj,131312111111,prime,exact,exact,0.006493376175296769,0.006493376175296769,0.006493376175296769,0.29417112911157156,0.29417112911157156,0.29417112911157156
6,9kqktj,kkqtjj,131312101111,prime,exact,exact,0.02451609431580421,0.02451609431580421,0.02451609431580421,0.5421131792035494,0.5421131792035494,0.5421131792035494
6,9kqktj,kkjkjk,131311131113,prime,exact,exact,0.0004055348116010265,0.0004055348116010265,0.0004055348116010265,0.044752200169103175,0.044752200169103175,0.044752200169103175
6,9kqktj,kkjqkj,131311121311,prime,exact,exact,0.004610289281963128,0.004610289281963128,0.004610289281963128,0.2306826744716705,0.2306826744716705,0.2306826744716705
6,9kqktj,kqkktk,131213131013,prime,exact,exact,0.0009705675902297549,0.0009705675902297549,0.0009705675902297549,0.06856037065906606,0.06856037065906606,0.06856037065906606
6,9kqktj,kqtqkk,131210121313,prime,exact,exact,0.004610289281963128,0.004610289281963128,0.004610289281963128,0.2306826744716705,0.2306826744716705,0.2306826744716705
6,9kqktj,kqtttk,131210101013,prime,exact,exact,0.006493376175296769,0.006493376175296769,0.006493376175296769,0.29417112911157156,0.29417112911157156,0.29417112911157156
6,9kqktj,kjjjtj,131111111011,prime,exact,exact,0.003475243895369315,0.003475243895369315,0.003475243895369315,0.19051650929132494,0.19051650929132494,0.19051650929132494
6,9kqktj,kjjtkk,131111101313,prime,exact,exact,0.004610289281963128,0.004610289281963128,0.004610289281963128,0.2306826744716705,0.2306826744716705,0.2306826744716705
6,9kqktj,kjtqtj,131110121011,prime,exact,exact,0.03430051272636825,0.03430051272636825,0.03430051272636825,0.6447366673356097,0.6447366673356097,0.6447366673356097
6,9kqktj,ktqktk,131012131013,prime,exact,exact,0.004610289281963128,0.004610289281963128,0.004610289281963128,0.2306826744716705,0.2306826744716705,0.2306826744716705
6,9kqktj,ktttjj,131010101111,prime,exact,exact,0.00976850321918976,0.00976850321918976,0.00976850321918976,0.38243951630225026,0.38243951630225026,0.38243951630225026
6,9kqktj,ktqqqj,131012121211,prime,exact,exact,0.02004677330782039,0.02004677330782039,0.02004677330782039,0.48795834242195835,0.48795834242195835,0.48795834242195835
6,9kqktj,ktjjqj,131011111211,prime,exact,exact,0.02004677330782039,0.02004677330782039,0.02004677330782039,0.48795834242195835,0.48795834242195835,0.48795834242195835
6,9kqktj,kttjkj,131010111311,prime,exact,exact,0.01209977475279548,0.01209977475279548,0.01209977475279548,0.43135154002992915,0.43135154002992915,0.43135154002992915
6,9kqktj,qkkkqk,121313131213,prime,exact,exact,0.0004055348116010265,0.0004055348116010265,0.0004055348116010265,0.044752200169103175,0.044752200169103175,0.044752200169103175
6,9kqktj,qkqqjj,121312121111,prime,exact,exact,0.00976850321918976,0.00976850321918976,0.00976850321918976,0.38243951630225026,0.38243951630225026,0.38243951630225026
6,9kqktj,qqqttj,121212101011,prime,exact,exact,0.012617418311343491,0.012617418311343491,0.012617418311343491,0.41659842510664974,0.41659842510664974,0.41659842510664974
6,9kqktj,qqjqtj,121211121011,prime,exact,exact,0.012617418311343491,0.012617418311343491,0.012617418311343491,0.41659842510664974,0.41659842510664974,0.41659842510664974
6,9kqktj,qqtjjj,121210111111,prime,exact,exact,0.012617418311343491,0.012617418311343491,0.012617418311343491,0.41659842510664974,0.41659842510664974,0.41659842510664974
6,9kqktj,qqtttj,121210101011,prime,exact,exact,0.012617418311343491,0.012617418311343491,0.012617418311343491,0.41659842510664974,0.41659842510664974,0.41659842510664974
6,9kqktj,qjqjkj,121112111311,prime,exact,exact,0.00976850321918976,0.00976850321918976,0.00976850321918976,0.38243951630225026,0.38243951630225026,0.38243951630225026
6,9kqktj,qjjjqj,121111111211,prime,exact,exact,0.0020775125112826994,0.0020775125112826994,0.0020775125112826994,0.15245582857607815,0.15245582857607815,0.15245582857607815
6,9kqktj,qjjttj,121111101011,prime,exact,exact,0.012617418311343491,0.012617418311343491,0.012617418311343491,0.41659842510664974,0.41659842510664974,0.41659842510664974
6,9kqktj,qtqtkk,121012101313,prime,exact,exact,0.01209977475279548,0.01209977475279548,0.01209977475279548,0.43135154002992915,0.43135154002992915,0.43135154002992915
6,9kqktj,qtqtkj,121012101311,prime,exact,exact,0.03430051272636825,0.03430051272636825,0.03430051272636825,0.6447366673356097,0.6447366673356097,0.6447366673356097
6,9kqktj,qtttjj,121010101111,prime,exact,exact,0.012617418311343491,0.012617418311343491,0.012617418311343491,0.41659842510664974,0.41659842510664974,0.41659842510664974
6,9kqktj,jjkjkj,111113111311,prime,exact,exact,0.0009134774039093829,0.0009134774039093829,0.0009134774039093829,0.09010109634046105,0.09010109634046105,0.09010109634046105
6,9kqktj,tjtttk,101110101013,prime,exact,exact,0.003475243895369315,0.003475243895369315,0.003475243895369315,0.19051650929132494,0.19051650929132494,0.19051650929132494
6,9kqktj,9kkqjk,91313121113,prime,exact,exact,0.009026033004228143,0.009026033004228143,0.009026033004228143,0.3013969539379125,0.3013969539379125,0.3013969539379125
6,9kqktj,9kkjjj,91313111111,prime,exact,exact,0.005827039630097757,0.005827039630097757,0.005827039630097757,0.2809198282822786,0.2809198282822786,0.2809198282822786
6,9kqktj,9kktqk,91313101213,prime,exact,exact,0.009026033004228143,0.009026033004228143,0.009026033004228143,0.3013969539379125,0.3013969539379125,0.3013969539379125
6,9kqqkj,kkkktj,131313131011,prime,exact,exact,0.0011895345665358433,0.0011895345665358433,0.0011895345665358433,0.07319832594931858,0.07319832594931858,0.07319832594931858
6,9kqqkj,kkkqqj,131313121211,prime,exact,exact,0.0020744890434713404,0.0020744890434713404,0.0020744890434713404,0.14063272350283126,0.14063272350283126,0.14063272350283126
6,9kqqkj,kkkttj,131313101011,prime,exact,exact,0.00763409662714078,0.00763409662714078,0.00763409662714078,0.29274293335552554,0.29274293335552554,0.29274293335552554
6,9kqqkj,kkqqqj,131312121211,prime,exact,exact,0.0020744890434713404,0.0020744890434713404,0.0020744890434713404,0.14063272350283126,0.14063272350283126,0.14063272350283126
6,9kqqkj,kkqqtj,131312121011,prime,exact,exact,0.015528821121376381,0.015528821121376381,0.015528821121376381,0.41592279874716337,0.41592279874716337,0.41592279874716337
6,9kqqkj,kkqjjj,131312111111,prime,exact,exact,0.004977018142376234,0.004977018142376234,0.004977018142376234,0.2669617914087568,0.2669617914087568,0.2669617914087568
6,9kqqkj,kkqtjj,131312101111,prime,exact,exact,0.02260587705355367,0.02260587705355367,0.02260587705355367,0.5196154151289276,0.5196154151289276,0.5196154151289276
6,9kqqkj,kkjkjk,131311131113,prime,exact,exact,0.0004055348116010265,0.0004055348116010265,0.0004055348116010265,0.044752200169103175,0.044752200169103175,0.044752200169103175
6,9kqqkj,kkjqkj,131311121311,prime,exact,exact,0.003465284236696602,0.003465284236696602,0.003465284236696602,0.2054168608904854,0.2054168608904854,0.2054168608904854
6,9kqqkj,kqkktk,131213131013,prime,exact,exact,0.0008647462168321806,0.0008647462168321806,0.0008647462168321806,0.06289175863764633,0.06289175863764633,0.06289175863764633
6,9kqqkj,kqtqkk,131210121313,prime,exact,exact,0.0025077341957343503,0.0025077341957343503,0.0025077341957343503,0.14840681998934976,0.14840681998934976,0.14840681998934976
6,9kqqkj,kqtttk,131210101013,prime,exact,exact,0.011016661872137954,0.011016661872137954,0.011016661872137954,0.4119162988136329,0.4119162988136329,0.4119162988136329
6,9kqqkj,kjjjtj,131111111011,prime,exact,exact,0.004190754828652165,0.004190754828652165,0.004190754828652165,0.20052860325123512,0.20052860325123512,0.20052860325123512
6,9kqqkj,kjjtkk,131111101313,prime,exact,exact,0.005548987111866317,0.005548987111866317,0.005548987111866317,0.24234381920144824,0.24234381920144824,0.24234381920144824
6,9kqqkj,kjtqtj,131110121011,prime,exact,exact,0.04076713600986187,0.04076713600986187,0.04076713600986187,0.6906445879182966,0.6906445879182966,0.6906445879182966
6,9kqqkj,ktqktk,131012131013,prime,exact,exact,0.005760452007613738,0.005760452007613738,0.005760452007613738,0.2619410207612136,0.2619410207612136,0.2619410207612136
6,9kqqkj,ktttjj,131010101111,prime,exact,exact,0.020176702234270164,0.020176702234270164,0.020176702234270164,0.5447237804583238,0.5447237804583238,0.5447237804583238
6,9kqqkj,ktqqqj,131012121211,prime,exact,exact,0.00917641322005892,0.00917641322005892,0.00917641322005892,0.2982795073256713,0.2982795073256713,0.2982795073256713
6,9kqqkj,ktjjqj,131011111211,prime,exact,exact,0.018438514788056186,0.018438514788056186,0.018438514788056186,0.46616731439156556,0.46616731439156556,0.46616731439156556
6,9kqqkj,kttjkj,131010111311,prime,exact,exact,0.0187691243694503,0.0187691243694503,0.0187691243694503,0.510505976983572,0.510505976983572,0.510505976983572
6,9kqqkj,qkkkqk,121313131213,prime,exact,exact,0.00015156351544684827,0.00015156351544684827,0.00015156351544684827,0.022077752083424232,0.022077752083424232,0.022077752083424232
6,9kqqkj,qkqqjj,121312121111,prime,exact,exact,0.003465284236696602,0.003465284236696602,0.003465284236696602,0.2054168608904854,0.2054168608904854,0.2054168608904854
6,9kqqkj,qqqttj,121212101011,prime,exact,exact,0.00763409662714078,0.00763409662714078,0.00763409662714078,0.29274293335552554,0.29274293335552554,0.29274293335552554
6,9kqqkj,qqjqtj,121211121011,prime,exact,exact,0.005548987111866317,0.005548987111866317,0.005548987111866317,0.24234381920144824,0.24234381920144824,0.24234381920144824
6,9kqqkj,qqtjjj,121210111111,prime,exact,exact,0.007734032747686297,0.007734032747686297,0.007734032747686297,0.30653900988557825,0.30653900988557825,0.30653900988557825
6,9kqqkj,qqtttj,121210101011,prime,exact,exact,0.014167535706778027,0.014167535706778027,0.014167535706778027,0.4467819436622613,0.4467819436622613,0.4467819436622613
6,9kqqkj,qjqjkj,121112111311,prime,exact,exact,0.004977018142376234,0.004977018142376234,0.004977018142376234,0.2669617914087568,0.2669617914087568,0.2669617914087568
6,9kqqkj,qjjjqj,121111111211,prime,exact,exact,0.0009134774039093829,0.0009134774039093829,0.0009134774039093829,0.09010109634046105,0.09010109634046105,0.09010109634046105
6,9kqqkj,qjjttj,121111101011,prime,exact,exact,0.01530878971176522,0.01530878971176522,0.01530878971176522,0.4578246943533387,0.4578246943533387,0.4578246943533387
6,9kqqkj,qtqtkk,121012101313,prime,exact,exact,0.009974810434553097,0.009974810434553097,0.009974810434553097,0.3743414991287935,0.3743414991287935,0.3743414991287935
6,9kqqkj,qtqtkj,121012101311,prime,exact,exact,0.029468185929739116,0.029468185929739116,0.029468185929739116,0.588795754684178,0.588795754684178,0.588795754684178
6,9kqqkj,qtttjj,121010101111,prime,exact,exact,0.020176702234270164,0.020176702234270164,0.020176702234270164,0.5447237804583238,0.5447237804583238,0.5447237804583238
6,9kqqkj,jjkjkj,111113111311,prime,exact,exact,0.0009134774039093829,0.0009134774039093829,0.0009134774039093829,0.09010109634046105,0.09010109634046105,0.09010109634046105
6,9kqqkj,tjtttk,101110101013,prime,exact,exact,0.010132354126285102,0.010132354126285102,0.010132354126285102,0.367274138686504,0.367274138686504,0.367274138686504
6,9kqqkj,9kkqjk,91313121113,prime,exact,exact,0.006817378862840294,0.006817378862840294,0.006817378862840294,0.2699093031890927,0.2699093031890927,0.2699093031890927
6,9kqqkj,9kkjjj,91313111111,prime,exact,exact,0.005827039630097757,0.005827039630097757,0.005827039630097757,0.2809198282822786,0.2809198282822786,0.2809198282822786
6,9kqqkj,9kktqk,91313101213,prime,exact,exact,0.008189281163634774,0.008189281163634774,0.008189281163634774,0.2830711056430942,0.2830711056430942,0.2830711056430942
6,9kqqkj,9kqktj,91312131011,prime,exact,exact,0.040706508770134216,0.040706508770134216,0.040706508770134216,0.6197142739435619,0.6197142739435619,0.6197142739435619
6,9kqqjj,kkkktj,131313131011,prime,exact,exact,0.004190754828652165,0.004190754828652165,0.004190754828652165,0.20052860325123512,0.20052860325123512,0.20052860325123512
6,9kqqjj,kkkqqj,131313121211,prime,exact,exact,0.004977018142376234,0.004977018142376234,0.004977018142376234,0.2669617914087568,0.2669617914087568,0.2669617914087568
6,9kqqjj,kkkttj,131313101011,prime,exact,exact,0.01530878971176522,0.01530878971176522,0.01530878971176522,0.4578246943533387,0.4578246943533387,0.4578246943533387
6,9kqqjj,kkqqqj,131312121211,prime,exact,exact,0.003465284236696602,0.003465284236696602,0.003465284236696602,0.2054168608904854,0.2054168608904854,0.2054168608904854
6,9kqqjj,kkqqtj,131312121011,prime,exact,exact,0.02260587705355367,0.02260587705355367,0.02260587705355367,0.5196154151289276,0.5196154151289276,0.5196154151289276
6,9kqqjj,kkqjjj,131312111111,prime,exact,exact,0.003465284236696602,0.003465284236696602,0.003465284236696602,0.2054168608904854,0.2054168608904854,0.2054168608904854
6,9kqqjj,kkqtjj,131312101111,prime,exact,exact,0.02260587705355367,0.02260587705355367,0.02260587705355367,0.5196154151289276,0.5196154151289276,0.5196154151289276
6,9kqqjj,kkjkjk,131311131113,prime,exact,exact,0.0009134774039093829,0.0009134774039093829,0.0009134774039093829,0.09010109634046105,0.09010109634046105,0.09010109634046105
6,9kqqjj,kkjqkj,131311121311,prime,exact,exact,0.004977018142376234,0.004977018142376234,0.004977018142376234,0.2669617914087568,0.2669617914087568,0.2669617914087568
6,9kqqjj,kqkktk,131213131013,prime,exact,exact,0.004190754828652165,0.004190754828652165,0.004190754828652165,0.20052860325123512,0.20052860325123512,0.20052860325123512
6,9kqqjj,kqtqkk,131210121313,prime,exact,exact,0.007734032747686297,0.007734032747686297,0.007734032747686297,0.30653900988557825,0.30653900988557825,0.30653900988557825
6,9kqqjj,kqtttk,131210101013,prime,exact,exact,0.020176702234270164,0.020176702234270164,0.020176702234270164,0.5447237804583238,0.5447237804583238,0.5447237804583238
6,9kqqjj,kjjjtj,131111111011,prime,exact,exact,0.0011895345665358433,0.0011895345665358433,0.0011895345665358433,0.07319832594931858,0.07319832594931858,0.07319832594931858
6,9kqqjj,kjjtkk,131111101313,prime,exact,exact,0.007734032747686297,0.007734032747686297,0.007734032747686297,0.30653900988557825,0.30653900988557825,0.30653900988557825
6,9kqqjj,kjtqtj,131110121011,prime,exact,exact,0.029468185929739116,0.029468185929739116,0.029468185929739116,0.588795754684178,0.588795754684178,0.588795754684178
6,9kqqjj,ktqktk,131012131013,prime,exact,exact,0.01530878971176522,0.01530878971176522,0.01530878971176522,0.4578246943533387,0.4578246943533387,0.4578246943533387
6,9kqqjj,ktttjj,131010101111,prime,exact,exact,0.014167535706778027,0.014167535706778027,0.014167535706778027,0.4467819436622613,0.4467819436622613,0.4467819436622613
6,9kqqjj,ktqqqj,131012121211,prime,exact,exact,0.00917641322005892,0.00917641322005892,0.00917641322005892,0.2982795073256713,0.2982795073256713,0.2982795073256713
6,9kqqjj,ktjjqj,131011111211,prime,exact,exact,0.00917641322005892,0.00917641322005892,0.00917641322005892,0.2982795073256713,0.2982795073256713,0.2982795073256713
6,9kqqjj,kttjkj,131010111311,prime,exact,exact,0.0187691243694503,0.0187691243694503,0.0187691243694503,0.510505976983572,0.510505976983572,0.510505976983572
6,9kqqjj,qkkkqk,121313131213,prime,exact,exact,0.0009134774039093829,0.0009134774039093829,0.0009134774039093829,0.09010109634046105,0.09010109634046105,0.09010109634046105
6,9kqqjj,qkqqjj,121312121111,prime,exact,exact,0.0020744890434713404,0.0020744890434713404,0.0020744890434713404,0.14063272350283126,0.14063272350283126,0.14063272350283126
6,9kqqjj,qqqttj,121212101011,prime,exact,exact,0.005760452007613738,0.005760452007613738,0.005760452007613738,0.2619410207612136,0.2619410207612136,0.2619410207612136
6,9kqqjj,qqjqtj,121211121011,prime,exact,exact,0.0025077341957343503,0.0025077341957343503,0.0025077341957343503,0.14840681998934976,0.14840681998934976,0.14840681998934976
6,9kqqjj,qqtjjj,121210111111,prime,exact,exact,0.0025077341957343503,0.0025077341957343503,0.0025077341957343503,0.14840681998934976,0.14840681998934976,0.14840681998934976
6,9kqqjj,qqtttj,121210101011,prime,exact,exact,0.011016661872137954,0.011016661872137954,0.011016661872137954,0.4119162988136329,0.4119162988136329,0.4119162988136329
6,9kqqjj,qjqjkj,121112111311,prime,exact,exact,0.0020744890434713404,0.0020744890434713404,0.0020744890434713404,0.14063272350283126,0.14063272350283126,0.14063272350283126
6,9kqqjj,qjjjqj,121111111211,prime,exact,exact,0.00015156351544684827,0.00015156351544684827,0.00015156351544684827,0.022077752083424232,0.022077752083424232,0.022077752083424232
6,9kqqjj,qjjttj,121111101011,prime,exact,exact,0.005760452007613738,0.005760452007613738,0.005760452007613738,0.2619410207612136,0.2619410207612136,0.2619410207612136
6,9kqqjj,qtqtkk,121012101313,prime,exact,exact,0.0187691243694503,0.0187691243694503,0.0187691243694503,0.510505976983572,0.510505976983572,0.510505976983572
6,9kqqjj,qtqtkj,121012101311,prime,exact,exact,0.029468185929739116,0.029468185929739116,0.029468185929739116,0.588795754684178,0.588795754684178,0.588795754684178
6,9kqqjj,qtttjj,121010101111,prime,exact,exact,0.011016661872137954,0.011016661872137954,0.011016661872137954,0.4119162988136329,0.4119162988136329,0.4119162988136329
6,9kqqjj,jjkjkj,111113111311,prime,exact,exact,0.0004055348116010265,0.0004055348116010265,0.0004055348116010265,0.044752200169103175,0.044752200169103175,0.044752200169103175
6,9kqqjj,tjtttk,101110101013,prime,exact,exact,0.010132354126285102,0.010132354126285102,0.010132354126285102,0.367274138686504,0.367274138686504,0.367274138686504
6,9kqqjj,9kkqjk,91313121113,prime,exact,exact,0.01405408418499844,0.01405408418499844,0.01405408418499844,0.43261127408279176,0.43261127408279176,0.43261127408279176
6,9kqqjj,9kkjjj,91313111111,prime,exact,exact,0.004107269182748087,0.004107269182748087,0.004107269182748087,0.218416745816089,0.218416745816089,0.218416745816089
6,9kqqjj,9kktqk,91313101213,prime,exact,exact,0.021355187949248924,0.021355187949248924,0.021355187949248924,0.48562197913661626,0.48562197913661626,0.48562197913661626
6,9kqqjj,9kqktj,91312131011,prime,exact,exact,0.05587212050794325,0.05587212050794325,0.05587212050794325,0.721226569832634,0.721226569832634,0.721226569832634
6,9kqqjj,9kqqkj,91312121311,prime,exact,exact,0.017317079098487696,0.017317079098487696,0.017317079098487696,0.48466860614889423,0.48466860614889423,0.48466860614889423
6,9ktqtj,kkkktj,131313131011,prime,exact,exact,0.003475243895369315,0.003475243895369315,0.003475243895369315,0.19051650929132494,0.19051650929132494,0.19051650929132494
6,9ktqtj,kkkqqj,131313121211,prime,exact,exact,0.012617418311343491,0.012617418311343491,0.012617418311343491,0.41659842510664974,0.41659842510664974,0.41659842510664974
6,9ktqtj,kkkttj,131313101011,prime,exact,exact,0.006493376175296769,0.006493376175296769,0.006493376175296769,0.29417112911157156,0.29417112911157156,0.29417112911157156
6,9ktqtj,kkqqqj,131312121211,prime,exact,exact,0.012617418311343491,0.012617418311343491,0.012617418311343491,0.41659842510664974,0.41659842510664974,0.41659842510664974
6,9ktqtj,kkqqtj,131312121011,prime,exact,exact,0.03430051272636825,0.03430051272636825,0.03430051272636825,0.6447366673356097,0.6447366673356097,0.6447366673356097
6,9ktqtj,kkqjjj,131312111111,prime,exact,exact,0.012617418311343491,0.012617418311343491,0.012617418311343491,0.41659842510664974,0.41659842510664974,0.41659842510664974
6,9ktqtj,kkqtjj,131312101111,prime,exact,exact,0.03430051272636825,0.03430051272636825,0.03430051272636825,0.6447366673356097,0.6447366673356097,0.6447366673356097
6,9ktqtj,kkjkjk,131311131113,prime,exact,exact,0.0020775125112826994,0.0020775125112826994,0.0020775125112826994,0.15245582857607815,0.15245582857607815,0.15245582857607815
6,9ktqtj,kkjqkj,131311121311,prime,exact,exact,0.012617418311343491,0.012617418311343491,0.012617418311343491,0.41659842510664974,0.41659842510664974,0.41659842510664974
6,9ktqtj,kqkktk,131213131013,prime,exact,exact,0.003475243895369315,0.003475243895369315,0.003475243895369315,0.19051650929132494,0.19051650929132494,0.19051650929132494
6,9ktqtj,kqtqkk,131210121313,prime,exact,exact,0.00976850321918976,0.00976850321918976,0.00976850321918976,0.38243951630225026,0.38243951630225026,0.38243951630225026
6,9ktqtj,kqtttk,131210101013,prime,exact,exact,0.004610289281963128,0.004610289281963128,0.004610289281963128,0.2306826744716705,0.2306826744716705,0.2306826744716705
6,9ktqtj,kjjjtj,131111111011,prime,exact,exact,0.003475243895369315,0.003475243895369315,0.003475243895369315,0.19051650929132494,0.19051650929132494,0.19051650929132494
6,9ktqtj,kjjtkk,131111101313,prime,exact,exact,0.00976850321918976,0.00976850321918976,0.00976850321918976,0.38243951630225026,0.38243951630225026,0.38243951630225026
6,9ktqtj,kjtqtj,131110121011,prime,exact,exact,0.02451609431580421,0.02451609431580421,0.02451609431580421,0.5421131792035494,0.5421131792035494,0.5421131792035494
6,9ktqtj,ktqktk,131012131013,prime,exact,exact,0.006493376175296769,0.006493376175296769,0.006493376175296769,0.29417112911157156,0.29417112911157156,0.29417112911157156
6,9ktqtj,ktttjj,131010101111,prime,exact,exact,0.004610289281963128,0.004610289281963128,0.004610289281963128,0.2306826744716705,0.2306826744716705,0.2306826744716705
6,9ktqtj,ktqqqj,131012121211,prime,exact,exact,0.02004677330782039,0.02004677330782039,0.02004677330782039,0.48795834242195835,0.48795834242195835,0.48795834242195835
6,9ktqtj,ktjjqj,131011111211,prime,exact,exact,0.02004677330782039,0.02004677330782039,0.02004677330782039,0.48795834242195835,0.48795834242195835,0.48795834242195835
6,9ktqtj,kttjkj,131010111311,prime,exact,exact,0.01209977475279548,0.01209977475279548,0.01209977475279548,0.43135154002992915,0.43135154002992915,0.43135154002992915
6,9ktqtj,qkkkqk,121313131213,prime,exact,exact,0.0020775125112826994,0.0020775125112826994,0.0020775125112826994,0.15245582857607815,0.15245582857607815,0.15245582857607815
6,9ktqtj,qkqqjj,121312121111,prime,exact,exact,0.012617418311343491,0.012617418311343491,0.012617418311343491,0.41659842510664974,0.41659842510664974,0.41659842510664974
6,9ktqtj,qqqttj,121212101011,prime,exact,exact,0.006493376175296769,0.006493376175296769,0.006493376175296769,0.29417112911157156,0.29417112911157156,0.29417112911157156
6,9ktqtj,qqjqtj,121211121011,prime,exact,exact,0.00976850321918976,0.00976850321918976,0.00976850321918976,0.38243951630225026,0.38243951630225026,0.38243951630225026
6,9ktqtj,qqtjjj,121210111111,prime,exact,exact,0.00976850321918976,0.00976850321918976,0.00976850321918976,0.38243951630225026,0.38243951630225026,0.38243951630225026
6,9ktqtj,qqtttj,121210101011,prime,exact,exact,0.004610289281963128,0.004610289281963128,0.004610289281963128,0.2306826744716705,0.2306826744716705,0.2306826744716705
6,9ktqtj,qjqjkj,121112111311,prime,exact,exact,0.012617418311343491,0.012617418311343491,0.012617418311343491,0.41659842510664974,0.41659842510664974,0.41659842510664974
6,9ktqtj,qjjjqj,121111111211,prime,exact,exact,0.0020775125112826994,0.0020775125112826994,0.0020775125112826994,0.15245582857607815,0.15245582857607815,0.15245582857607815
6,9ktqtj,qjjttj,121111101011,prime,exact,exact,0.006493376175296769,0.006493376175296769,0.006493376175296769,0.29417112911157156,0.29417112911157156,0.29417112911157156
6,9ktqtj,qtqtkk,121012101313,prime,exact,exact,0.01209977475279548,0.01209977475279548,0.01209977475279548,0.43135154002992915,0.43135154002992915,0.43135154002992915
6,9ktqtj,qtqtkj,121012101311,prime,exact,exact,0.02451609431580421,0.02451609431580421,0.02451609431580421,0.5421131792035494,0.5421131792035494,0.5421131792035494
6,9ktqtj,qtttjj,121010101111,prime,exact,exact,0.004610289281963128,0.004610289281963128,0.004610289281963128,0.2306826744716705,0.2306826744716705,0.2306826744716705
6,9ktqtj,jjkjkj,111113111311,prime,exact,exact,0.0020775125112826994,0.0020775125112826994,0.0020775125112826994,0.15245582857607815,0.15245582857607815,0.15245582857607815
6,9ktqtj,tjtttk,101110101013,prime,exact,exact,0.0009705675902297549,0.0009705675902297549,0.0009705675902297549,0.06856037065906606,0.06856037065906606,0.06856037065906606
6,9ktqtj,9kkqjk,91313121113,prime,exact,exact,0.02320099474201233,0.02320099474201233,0.02320099474201233,0.50786360313613,0.50786360313613,0.50786360313613
6,9ktqtj,9kkjjj,91313111111,prime,exact,exact,0.01136465331749433,0.01136465331749433,0.01136465331749433,0.39987755781117934,0.39987755781117934,0.39987755781117934
6,9ktqtj,9kktqk,91313101213,prime,exact,exact,0.018087537821122317,0.018087537821122317,0.018087537821122317,0.46945067974574684,0.46945067974574684,0.46945067974574684
6,9ktqtj,9kqktj,91312131011,prime,exact,exact,0.06008211824623645,0.06008211824623645,0.06008211824623645,0.7435732618355236,0.7435732618355236,0.7435732618355236
6,9ktqtj,9kqqkj,91312121311,prime,exact,exact,0.03927150966085927,0.03927150966085927,0.03927150966085927,0.664389948656214,0.664389948656214,0.664389948656214
6,9ktqtj,9kqqjj,91312121111,prime,exact,exact,0.03927150966085927,0.03927150966085927,0.03927150966085927,0.664389948656214,0.664389948656214,0.664389948656214
6,9kttqk,kkkktj,131313131011,prime,exact,exact,0.0008647462168321806,0.0008647462168321806,0.0008647462168321806,0.06289175863764633,0.06289175863764633,0.06289175863764633
6,9kttqk,kkkqqj,131313121211,prime,exact,exact,0.005548987111866317,0.005548987111866317,0.005548987111866317,0.24234381920144824,0.24234381920144824,0.24234381920144824
6,9kttqk,kkkttj,131313101011,prime,exact,exact,0.0025077341957343503,0.0025077341957343503,0.0025077341957343503,0.14840681998934976,0.14840681998934976,0.14840681998934976
6,9kttqk,kkqqqj,131312121211,prime,exact,exact,0.007734032747686297,0.007734032747686297,0.007734032747686297,0.30653900988557825,0.30653900988557825,0.30653900988557825
6,9kttqk,kkqqtj,131312121011,prime,exact,exact,0.02260587705355367,0.02260587705355367,0.02260587705355367,0.5196154151289276,0.5196154151289276,0.5196154151289276
6,9kttqk,kkqjjj,131312111111,prime,exact,exact,0.014167535706778027,0.014167535706778027,0.014167535706778027,0.4467819436622613,0.4467819436622613,0.4467819436622613
6,9kttqk,kkqtjj,131312101111,prime,exact,exact,0.029468185929739116,0.029468185929739116,0.029468185929739116,0.588795754684178,0.588795754684178,0.588795754684178
6,9kttqk,kkjkjk,131311131113,prime,exact,exact,0.0007229989317937492,0.0007229989317937492,0.0007229989317937492,0.06175803623336238,0.06175803623336238,0.06175803623336238
6,9kttqk,kkjqkj,131311121311,prime,exact,exact,0.00763409662714078,0.00763409662714078,0.00763409662714078,0.29274293335552554,0.29274293335552554,0.29274293335552554
6,9kttqk,kqkktk,131213131013,prime,exact,exact,0.0007048581249255937,0.0007048581249255937,0.0007048581249255937,0.05884275005091795,0.05884275005091795,0.05884275005091795
6,9kttqk,kqtqkk,131210121313,prime,exact,exact,0.003465284236696602,0.003465284236696602,0.003465284236696602,0.2054168608904854,0.2054168608904854,0.2054168608904854
6,9kttqk,kqtttk,131210101013,prime,exact,exact,0.0020744890434713404,0.0020744890434713404,0.0020744890434713404,0.14063272350283126,0.14063272350283126,0.14063272350283126
6,9kttqk,kjjjtj,131111111011,prime,exact,exact,0.007808584673238049,0.007808584673238049,0.007808584673238049,0.33547101669620105,0.33547101669620105,0.33547101669620105
6,9kttqk,kjjtkk,131111101313,prime,exact,exact,0.005760452007613738,0.005760452007613738,0.005760452007613738,0.2619410207612136,0.2619410207612136,0.2619410207612136
6,9kttqk,kjtqtj,131110121011,prime,exact,exact,0.029468185929739116,0.029468185929739116,0.029468185929739116,0.588795754684178,0.588795754684178,0.588795754684178
6,9kttqk,ktqktk,131012131013,prime,exact,exact,0.0020744890434713404,0.0020744890434713404,0.0020744890434713404,0.14063272350283126,0.14063272350283126,0.14063272350283126
6,9kttqk,ktttjj,131010101111,prime,exact,exact,0.005760452007613738,0.005760452007613738,0.005760452007613738,0.2619410207612136,0.2619410207612136,0.2619410207612136
6,9kttqk,ktqqqj,131012121211,prime,exact,exact,0.018438514788056186,0.018438514788056186,0.018438514788056186,0.46616731439156556,0.46616731439156556,0.46616731439156556
6,9kttqk,ktjjqj,131011111211,prime,exact,exact,0.031381309113818964,0.031381309113818964,0.031381309113818964,0.6207653491096303,0.6207653491096303,0.6207653491096303
6,9kttqk,kttjkj,131010111311,prime,exact,exact,0.009974810434553097,0.009974810434553097,0.009974810434553097,0.3743414991287935,0.3743414991287935,0.3743414991287935
6,9kttqk,qkkkqk,121313131213,prime,exact,exact,0.0004055348116010265,0.0004055348116010265,0.0004055348116010265,0.044752200169103175,0.044752200169103175,0.044752200169103175
6,9kttqk,qkqqjj,121312121111,prime,exact,exact,0.01530878971176522,0.01530878971176522,0.01530878971176522,0.4578246943533387,0.4578246943533387,0.4578246943533387
6,9kttqk,qqqttj,121212101011,prime,exact,exact,0.007734032747686297,0.007734032747686297,0.007734032747686297,0.30653900988557825,0.30653900988557825,0.30653900988557825
6,9kttqk,qqjqtj,121211121011,prime,exact,exact,0.01530878971176522,0.01530878971176522,0.01530878971176522,0.4578246943533387,0.4578246943533387,0.4578246943533387
6,9kttqk,qqtjjj,121210111111,prime,exact,exact,0.020176702234270164,0.020176702234270164,0.020176702234270164,0.5447237804583238,0.5447237804583238,0.5447237804583238
6,9kttqk,qqtttj,121210101011,prime,exact,exact,0.005548987111866317,0.005548987111866317,0.005548987111866317,0.24234381920144824,0.24234381920144824,0.24234381920144824
6,9kttqk,qjqjkj,121112111311,prime,exact,exact,0.020176702234270164,0.020176702234270164,0.020176702234270164,0.5447237804583238,0.5447237804583238,0.5447237804583238
6,9kttqk,qjjjqj,121111111211,prime,exact,exact,0.006292226640317514,0.006292226640317514,0.006292226640317514,0.3082616789933863,0.3082616789933863,0.3082616789933863
6,9kttqk,qjjttj,121111101011,prime,exact,exact,0.014167535706778027,0.014167535706778027,0.014167535706778027,0.4467819436622613,0.4467819436622613,0.4467819436622613
6,9kttqk,qtqtkk,121012101313,prime,exact,exact,0.006292226640317514,0.006292226640317514,0.006292226640317514,0.3082616789933863,0.3082616789933863,0.3082616789933863
6,9kttqk,qtqtkj,121012101311,prime,exact,exact,0.02260587705355367,0.02260587705355367,0.02260587705355367,0.5196154151289276,0.5196154151289276,0.5196154151289276
6,9kttqk,qtttjj,121010101111,prime,exact,exact,0.00763409662714078,0.00763409662714078,0.00763409662714078,0.29274293335552554,0.29274293335552554,0.29274293335552554
6,9kttqk,jjkjkj,111113111311,prime,exact,exact,0.003135726245258442,0.003135726245258442,0.003135726245258442,0.2091419487902755,0.2091419487902755,0.2091419487902755
6,9kttqk,tjtttk,101110101013,prime,exact,exact,0.0008647462168321806,0.0008647462168321806,0.0008647462168321806,0.06289175863764633,0.06289175863764633,0.06289175863764633
6,9kttqk,9kkqjk,91313121113,prime,exact,exact,0.010823652069459181,0.010823652069459181,0.010823652069459181,0.31566873239660775,0.31566873239660775,0.31566873239660775
6,9kttqk,9kkjjj,91313111111,prime,exact,exact,0.012781841438220181,0.012781841438220181,0.012781841438220181,0.429693265877768,0.429693265877768,0.429693265877768
6,9kttqk,9kktqk,91313101213,prime,exact,exact,0.006817378862840294,0.006817378862840294,0.006817378862840294,0.2699093031890927,0.2699093031890927,0.2699093031890927
6,9kttqk,9kqktj,91312131011,prime,exact,exact,0.040706508770134216,0.040706508770134216,0.040706508770134216,0.6197142739435619,0.6197142739435619,0.6197142739435619
6,9kttqk,9kqqkj,91312121311,prime,exact,exact,0.026088213925633753,0.026088213925633753,0.026088213925633753,0.5395788321348929,0.5395788321348929,0.5395788321348929
6,9kttqk,9kqqjj,91312121111,prime,exact,exact,0.04655925491401665,0.04655925491401665,0.04655925491401665,0.7100810471870853,0.7100810471870853,0.7100810471870853
6,9kttqk,9ktqtj,91310121011,prime,exact,exact,0.040706508770134216,0.040706508770134216,0.040706508770134216,0.6197142739435619,0.6197142739435619,0.6197142739435619
6,9qkkkk,kkkktj,131313131011,prime,exact,exact,0.0,0.0,0.0,0.0,0.0,0.0
6,9qkkkk,kkkqqj,131313121211,prime,exact,exact,0.0,0.0,0.0,0.0,0.0,0.0
6,9qkkkk,kkkttj,131313101011,prime,exact,exact,0.0,0.0,0.0,0.0,0.0,0.0
6,9qkkkk,kkqqqj,131312121211,prime,exact,exact,0.0004720511034509303,0.0004720511034509303,0.0004720511034509303,0.04183691398665874,0.04183691398665874,0.04183691398665874
6,9qkkkk,kkqqtj,131312121011,prime,exact,exact,0.003861405134170562,0.003861405134170562,0.003861405134170562,0.15510870100554108,0.15510870100554108,0.15510870100554108
6,9qkkkk,kkqjjj,131312111111,prime,exact,exact,0.0013458333009337578,0.0013458333009337578,0.0013458333009337578,0.09836107385738696,0.09836107385738696,0.09836107385738696
6,9qkkkk,kkqtjj,131312101111,prime,exact,exact,0.0055877062889543375,0.0055877062889543375,0.0055877062889543375,0.1980699882425314,0.1980699882425314,0.1980699882425314
6,9qkkkk,kkjkjk,131311131113,prime,exact,exact,0.0,0.0,0.0,0.0,0.0,0.0
6,9qkkkk,kkjqkj,131311121311,prime,exact,exact,0.0,0.0,0.0,0.0,0.0,0.0
6,9qkkkk,kqkktk,131213131013,prime,exact,exact,0.0,0.0,0.0,0.0,0.0,0.0
6,9qkkkk,kqtqkk,131210121313,prime,exact,exact,0.0,0.0,0.0,0.0,0.0,0.0
6,9qkkkk,kqtttk,131210101013,prime,exact,exact,0.0013458333009337578,0.0013458333009337578,0.0013458333009337578,0.09836107385738696,0.09836107385738696,0.09836107385738696
6,9qkkkk,kjjjtj,131111111011,prime,exact,exact,0.0025077341957343503,0.0025077341957343503,0.0025077341957343503,0.14840681998934976,0.14840681998934976,0.14840681998934976
6,9qkkkk,kjjtkk,131111101313,prime,exact,exact,0.0,0.0,0.0,0.0,0.0,0.0
6,9qkkkk,kjtqtj,131110121011,prime,exact,exact,0.025612241239979634,0.025612241239979634,0.025612241239979634,0.5417234769694836,0.5417234769694836,0.5417234769694836
6,9qkkkk,ktqktk,131012131013,prime,exact,exact,0.0,0.0,0.0,0.0,0.0,0.0
6,9qkkkk,ktttjj,131010101111,prime,exact,exact,0.008827137623570666,0.008827137623570666,0.008827137623570666,0.34761804245638617,0.34761804245638617,0.34761804245638617
6,9qkkkk,ktqqqj,131012121211,prime,exact,exact,0.006702305063747441,0.006702305063747441,0.006702305063747441,0.2366241493004891,0.2366241493004891,0.2366241493004891
6,9qkkkk,ktjjqj,131011111211,prime,exact,exact,0.013952773460429106,0.013952773460429106,0.013952773460429106,0.39195219295671235,0.39195219295671235,0.39195219295671235
6,9qkkkk,kttjkj,131010111311,prime,exact,exact,0.003419754368478486,0.003419754368478486,0.003419754368478486,0.16881382326646083,0.16881382326646083,0.16881382326646083
6,9qkkkk,qkkkqk,121313131213,prime,exact,exact,0.0,0.0,0.0,0.0,0.0,0.0
6,9qkkkk,qkqqjj,121312121111,prime,exact,exact,0.0034804015757533982,0.0034804015757533982,0.0034804015757533982,0.19650904199968294,0.19650904199968294,0.19650904199968294
6,9qkkkk,qqqttj,121212101011,prime,exact,exact,0.02318560373188619,0.02318560373188619,0.02318560373188619,0.5122547687274235,0.5122547687274235,0.5122547687274235
6,9qkkkk,qqjqtj,121211121011,prime,exact,exact,0.02318560373188619,0.02318560373188619,0.02318560373188619,0.5122547687274235,0.5122547687274235,0.5122547687274235
6,9qkkkk,qqtjjj,121210111111,prime,exact,exact,0.02998310884969743,0.02998310884969743,0.02998310884969743,0.598473716381242,0.598473716381242,0.598473716381242
6,9qkkkk,qqtttj,121210101011,prime,exact,exact,0.02998310884969743,0.02998310884969743,0.02998310884969743,0.598473716381242,0.598473716381242,0.598473716381242
6,9qkkkk,qjqjkj,121112111311,prime,exact,exact,0.005397280168155172,0.005397280168155172,0.005397280168155172,0.2778131344211889,0.2778131344211889,0.2778131344211889
6,9qkkkk,qjjjqj,121111111211,prime,exact,exact,0.006292226640317514,0.006292226640317514,0.006292226640317514,0.3082616789933863,0.3082616789933863,0.3082616789933863
6,9qkkkk,qjjttj,121111101011,prime,exact,exact,0.038401029336565265,0.038401029336565265,0.038401029336565265,0.664951075541528,0.664951075541528,0.664951075541528
6,9qkkkk,qtqtkk,121012101313,prime,exact,exact,0.0019263391207147364,0.0019263391207147364,0.0019263391207147364,0.12362688743857207,0.12362688743857207,0.12362688743857207
6,9qkkkk,qtqtkj,121012101311,prime,exact,exact,0.019013616882785148,0.019013616882785148,0.019013616882785148,0.4618637288426687,0.4618637288426687,0.4618637288426687
6,9qkkkk,qtttjj,121010101111,prime,exact,exact,0.038401029336565265,0.038401029336565265,0.038401029336565265,0.664951075541528,0.664951075541528,0.664951075541528
6,9qkkkk,jjkjkj,111113111311,prime,exact,exact,0.00015156351544684827,0.00015156351544684827,0.00015156351544684827,0.022077752083424232,0.022077752083424232,0.022077752083424232
6,9qkkkk,tjtttk,101110101013,prime,exact,exact,0.0025077341957343503,0.0025077341957343503,0.0025077341957343503,0.14840681998934976,0.14840681998934976,0.14840681998934976
6,9qkkkk,9kkqjk,91313121113,prime,exact,exact,0.0,0.0,0.0,0.0,0.0,0.0
6,9qkkkk,9kkjjj,91313111111,prime,exact,exact,0.0011839189588206621,0.0011839189588206621,0.0011839189588206621,0.09164452872704182,0.09164452872704182,0.09164452872704182
6,9qkkkk,9kktqk,91313101213,prime,exact,exact,0.0,0.0,0.0,0.0,0.0,0.0
6,9qkkkk,9kqktj,91312131011,prime,exact,exact,0.00800529985960983,0.00800529985960983,0.00800529985960983,0.21641597962474657,0.21641597962474657,0.21641597962474657
6,9qkkkk,9kqqkj,91312121311,prime,exact,exact,0.0027811106696576863,0.0027811106696576863,0.0027811106696576863,0.13597983142447553,0.13597983142447553,0.13597983142447553
6,9qkkkk,9kqqjj,91312121111,prime,exact,exact,0.014282130754347573,0.014282130754347573,0.014282130754347573,0.42322902465325857,0.42322902465325857,0.42322902465325857
6,9qkkkk,9ktqtj,91310121011,prime,exact,exact,0.035875437902867305,0.035875437902867305,0.035875437902867305,0.5770173073630009,0.5770173073630009,0.5770173073630009
6,9qkkkk,9kttqk,91310101213,prime,exact,exact,0.004027166217600606,0.004027166217600606,0.004027166217600606,0.17395177645324217,0.17395177645324217,0.17395177645324217
6,9qkqtj,kkkktj,131313131011,prime,exact,exact,0.004629157661299258,0.004629157661299258,0.004629157661299258,0.21429523244611162,0.21429523244611162,0.21429523244611162
6,9qkqtj,kkkqqj,131313121211,prime,exact,exact,0.006493376175296769,0.006493376175296769,0.006493376175296769,0.29417112911157156,0.29417112911157156,0.29417112911157156
6,9qkqtj,kkkttj,131313101011,prime,exact,exact,0.012617418311343491,0.012617418311343491,0.012617418311343491,0.41659842510664974,0.41659842510664974,0.41659842510664974
6,9qkqtj,kkqqqj,131312121211,prime,exact,exact,0.004610289281963128,0.004610289281963128,0.004610289281963128,0.2306826744716705,0.2306826744716705,0.2306826744716705
6,9qkqtj,kkqqtj,131312121011,prime,exact,exact,0.02451609431580421,0.02451609431580421,0.02451609431580421,0.5421131792035494,0.5421131792035494,0.5421131792035494
6,9qkqtj,kkqjjj,131312111111,prime,exact,exact,0.00976850321918976,0.00976850321918976,0.00976850321918976,0.38243951630225026,0.38243951630225026,0.38243951630225026
6,9qkqtj,kkqtjj,131312101111,prime,exact,exact,0.03430051272636825,0.03430051272636825,0.03430051272636825,0.6447366673356097,0.6447366673356097,0.6447366673356097
6,9qkqtj,kkjkjk,131311131113,prime,exact,exact,0.0020775125112826994,0.0020775125112826994,0.0020775125112826994,0.15245582857607815,0.15245582857607815,0.15245582857607815
6,9qkqtj,kkjqkj,131311121311,prime,exact,exact,0.00976850321918976,0.00976850321918976,0.00976850321918976,0.38243951630225026,0.38243951630225026,0.38243951630225026
6,9qkqtj,kqkktk,131213131013,prime,exact,exact,0.003475243895369315,0.003475243895369315,0.003475243895369315,0.19051650929132494,0.19051650929132494,0.19051650929132494
6,9qkqtj,kqtqkk,131210121313,prime,exact,exact,0.006493376175296769,0.006493376175296769,0.006493376175296769,0.29417112911157156,0.29417112911157156,0.29417112911157156
6,9qkqtj,kqtttk,131210101013,prime,exact,exact,0.00976850321918976,0.00976850321918976,0.00976850321918976,0.38243951630225026,0.38243951630225026,0.38243951630225026
6,9qkqtj,kjjjtj,131111111011,prime,exact,exact,0.004629157661299258,0.004629157661299258,0.004629157661299258,0.21429523244611162,0.21429523244611162,0.21429523244611162
6,9qkqtj,kjjtkk,131111101313,prime,exact,exact,0.012617418311343491,0.012617418311343491,0.012617418311343491,0.41659842510664974,0.41659842510664974,0.41659842510664974
6,9qkqtj,kjtqtj,131110121011,prime,exact,exact,0.03430051272636825,0.03430051272636825,0.03430051272636825,0.6447366673356097,0.6447366673356097,0.6447366673356097
6,9qkqtj,ktqktk,131012131013,prime,exact,exact,0.00976850321918976,0.00976850321918976,0.00976850321918976,0.38243951630225026,0.38243951630225026,0.38243951630225026
6,9qkqtj,ktttjj,131010101111,prime,exact,exact,0.012617418311343491,0.012617418311343491,0.012617418311343491,0.41659842510664974,0.41659842510664974,0.41659842510664974
6,9qkqtj,ktqqqj,131012121211,prime,exact,exact,0.010111360009682773,0.010111360009682773,0.010111360009682773,0.3174202751902055,0.3174202751902055,0.3174202751902055
6,9qkqtj,ktjjqj,131011111211,prime,exact,exact,0.02004677330782039,0.02004677330782039,0.02004677330782039,0.48795834242195835,0.48795834242195835,0.48795834242195835
6,9qkqtj,kttjkj,131010111311,prime,exact,exact,0.022086919496520706,0.022086919496520706,0.022086919496520706,0.5672215445329456,0.5672215445329456,0.5672215445329456
6,9qkqtj,qkkkqk,121313131213,prime,exact,exact,0.0009134774039093829,0.0009134774039093829,0.0009134774039093829,0.09010109634046105,0.09010109634046105,0.09010109634046105
6,9qkqtj,qkqqjj,121312121111,prime,exact,exact,0.004610289281963128,0.004610289281963128,0.004610289281963128,0.2306826744716705,0.2306826744716705,0.2306826744716705
6,9qkqtj,qqqttj,121212101011,prime,exact,exact,0.004610289281963128,0.004610289281963128,0.004610289281963128,0.2306826744716705,0.2306826744716705,0.2306826744716705
6,9qkqtj,qqjqtj,121211121011,prime,exact,exact,0.004610289281963128,0.004610289281963128,0.004610289281963128,0.2306826744716705,0.2306826744716705,0.2306826744716705
6,9qkqtj,qqtjjj,121210111111,prime,exact,exact,0.006493376175296769,0.006493376175296769,0.006493376175296769,0.29417112911157156,0.29417112911157156,0.29417112911157156
6,9qkqtj,qqtttj,121210101011,prime,exact,exact,0.006493376175296769,0.006493376175296769,0.006493376175296769,0.29417112911157156,0.29417112911157156,0.29417112911157156
6,9qkqtj,qjqjkj,121112111311,prime,exact,exact,0.006493376175296769,0.006493376175296769,0.006493376175296769,0.29417112911157156,0.29417112911157156,0.29417112911157156
6,9qkqtj,qjjjqj,121111111211,prime,exact,exact,0.0009134774039093829,0.0009134774039093829,0.0009134774039093829,0.09010109634046105,0.09010109634046105,0.09010109634046105
6,9qkqtj,qjjttj,121111101011,prime,exact,exact,0.00976850321918976,0.00976850321918976,0.00976850321918976,0.38243951630225026,0.38243951630225026,0.38243951630225026
6,9qkqtj,qtqtkk,121012101313,prime,exact,exact,0.01209977475279548,0.01209977475279548,0.01209977475279548,0.43135154002992915,0.43135154002992915,0.43135154002992915
6,9qkqtj,qtqtkj,121012101311,prime,exact,exact,0.02451609431580421,0.02451609431580421,0.02451609431580421,0.5421131792035494,0.5421131792035494,0.5421131792035494
6,9qkqtj,qtttjj,121010101111,prime,exact,exact,0.00976850321918976,0.00976850321918976,0.00976850321918976,0.38243951630225026,0.38243951630225026,0.38243951630225026
6,9qkqtj,jjkjkj,111113111311,prime,exact,exact,0.0020775125112826994,0.0020775125112826994,0.0020775125112826994,0.15245582857607815,0.15245582857607815,0.15245582857607815
6,9qkqtj,tjtttk,101110101013,prime,exact,exact,0.004629157661299258,0.004629157661299258,0.004629157661299258,0.21429523244611162,0.21429523244611162,0.21429523244611162
6,9qkqtj,9kkqjk,91313121113,prime,exact,exact,0.018087537821122317,0.018087537821122317,0.018087537821122317,0.46945067974574684,0.46945067974574684,0.46945067974574684
6,9qkqtj,9kkjjj,91313111111,prime,exact,exact,0.01136465331749433,0.01136465331749433,0.01136465331749433,0.39987755781117934,0.39987755781117934,0.39987755781117934
6,9qkqtj,9kktqk,91313101213,prime,exact,exact,0.018087537821122317,0.018087537821122317,0.018087537821122317,0.46945067974574684,0.46945067974574684,0.46945067974574684
6,9qkqtj,9kqktj,91312131011,prime,exact,exact,0.06008211824623645,0.06008211824623645,0.06008211824623645,0.7435732618355236,0.7435732618355236,0.7435732618355236
6,9qkqtj,9kqqkj,91312121311,prime,exact,exact,0.022166277277177567,0.022166277277177567,0.022166277277177567,0.5229439910212891,0.5229439910212891,0.5229439910212891
6,9qkqtj,9kqqjj,91312121111,prime,exact,exact,0.022166277277177567,0.022166277277177567,0.022166277277177567,0.5229439910212891,0.5229439910212891,0.5229439910212891
6,9qkqtj,9ktqtj,91310121011,prime,exact,exact,0.06008211824623645,0.06008211824623645,0.06008211824623645,0.7435732618355236,0.7435732618355236,0.7435732618355236
6,9qkqtj,9kttqk,91310101213,prime,exact,exact,0.03113957527410988,0.03113957527410988,0.03113957527410988,0.6254084155397207,0.6254084155397207,0.6254084155397207
6,9qkqtj,9qkkkk,91213131313,prime,exact,exact,0.003092378686840625,0.003092378686840625,0.003092378686840625,0.18007445949218234,0.18007445949218234,0.18007445949218234
6,9qqqjj,kkkktj,131313131011,prime,exact,exact,0.012026570857344114,0.012026570857344114,0.012026570857344114,0.3815192870779938,0.3815192870779938,0.3815192870779938
6,9qqqjj,kkkqqj,131313121211,prime,exact,exact,0.0041334706230069995,0.0041334706230069995,0.0041334706230069995,0.2334360003106458,0.2334360003106458,0.2334360003106458
6,9qqqjj,kkkttj,131313101011,prime,exact,exact,0.030507301603571856,0.030507301603571856,0.030507301603571856,0.6267346089240587,0.6267346089240587,0.6267346089240587
6,9qqqjj,kkqqqj,131312121211,prime,exact,exact,0.0013246690262542428,0.0013246690262542428,0.0013246690262542428,0.09269246183596723,0.09269246183596723,0.09269246183596723
6,9qqqjj,kkqqtj,131312121011,prime,exact,exact,0.014844961285511712,0.014844961285511712,0.014844961285511712,0.3977362195337421,0.3977362195337421,0.3977362195337421
6,9qqqjj,kkqjjj,131312111111,prime,exact,exact,0.0034804015757533982,0.0034804015757533982,0.0034804015757533982,0.19650904199968294,0.19650904199968294,0.19650904199968294
6,9qqqjj,kkqtjj,131312101111,prime,exact,exact,0.02318560373188619,0.02318560373188619,0.02318560373188619,0.5122547687274235,0.5122547687274235,0.5122547687274235
6,9qqqjj,kkjkjk,131311131113,prime,exact,exact,0.003135726245258442,0.003135726245258442,0.003135726245258442,0.2091419487902755,0.2091419487902755,0.2091419487902755
6,9qqqjj,kkjqkj,131311121311,prime,exact,exact,0.0071690323056117005,0.0071690323056117005,0.0071690323056117005,0.3357949373831393,0.3357949373831393,0.3357949373831393
6,9qqqjj,kqkktk,131213131013,prime,exact,exact,0.007734032747686297,0.007734032747686297,0.007734032747686297,0.30653900988557825,0.30653900988557825,0.30653900988557825
6,9qqqjj,kqtqkk,131210121313,prime,exact,exact,0.006582431045376805,0.006582431045376805,0.006582431045376805,0.2738524678399891,0.2738524678399891,0.2738524678399891
6,9qqqjj,kqtttk,131210101013,prime,exact,exact,0.020765146678090596,0.020765146678090596,0.020765146678090596,0.5394968784645472,0.5394968784645472,0.5394968784645472
6,9qqqjj,kjjjtj,131111111011,prime,exact,exact,0.0014565031364165263,0.0014565031364165263,0.0014565031364165263,0.07809394542236289,0.07809394542236289,0.07809394542236289
6,9qqqjj,kjjtkk,131111101313,prime,exact,exact,0.016730082317606396,0.016730082317606396,0.016730082317606396,0.46216817629182916,0.46216817629182916,0.46216817629182916
6,9qqqjj,kjtqtj,131110121011,prime,exact,exact,0.02318560373188619,0.02318560373188619,0.02318560373188619,0.5122547687274235,0.5122547687274235,0.5122547687274235
6,9qqqjj,ktqktk,131012131013,prime,exact,exact,0.020765146678090596,0.020765146678090596,0.020765146678090596,0.5394968784645472,0.5394968784645472,0.5394968784645472
6,9qqqjj,ktttjj,131010101111,prime,exact,exact,0.016730082317606396,0.016730082317606396,0.016730082317606396,0.46216817629182916,0.46216817629182916,0.46216817629182916
6,9qqqjj,ktqqqj,131012121211,prime,exact,exact,0.002658954135293544,0.002658954135293544,0.002658954135293544,0.11660132321395197,0.11660132321395197,0.11660132321395197
6,9qqqjj,ktjjqj,131011111211,prime,exact,exact,0.006702305063747441,0.006702305063747441,0.006702305063747441,0.2366241493004891,0.2366241493004891,0.2366241493004891
6,9qqqjj,kttjkj,131010111311,prime,exact,exact,0.028765353663852036,0.028765353663852036,0.028765353663852036,0.59610201850701,0.59610201850701,0.59610201850701
6,9qqqjj,qkkkqk,121313131213,prime,exact,exact,0.0009134774039093829,0.0009134774039093829,0.0009134774039093829,0.09010109634046105,0.09010109634046105,0.09010109634046105
6,9qqqjj,qkqqjj,121312121111,prime,exact,exact,0.0004720511034509303,0.0004720511034509303,0.0004720511034509303,0.04183691398665874,0.04183691398665874,0.04183691398665874
6,9qqqjj,qqqttj,121212101011,prime,exact,exact,0.0013246690262542428,0.0013246690262542428,0.0013246690262542428,0.09269246183596723,0.09269246183596723,0.09269246183596723
6,9qqqjj,qqjqtj,121211121011,prime,exact,exact,0.0004720511034509303,0.0004720511034509303,0.0004720511034509303,0.04183691398665874,0.04183691398665874,0.04183691398665874
6,9qqqjj,qqtjjj,121210111111,prime,exact,exact,0.0004720511034509303,0.0004720511034509303,0.0004720511034509303,0.04183691398665874,0.04183691398665874,0.04183691398665874
6,9qqqjj,qqtttj,121210101011,prime,exact,exact,0.0041334706230069995,0.0041334706230069995,0.0041334706230069995,0.2334360003106458,0.2334360003106458,0.2334360003106458
6,9qqqjj,qjqjkj,121112111311,prime,exact,exact,0.0004720511034509303,0.0004720511034509303,0.0004720511034509303,0.04183691398665874,0.04183691398665874,0.04183691398665874
6,9qqqjj,qjjjqj,121111111211,prime,exact,exact,0.0,0.0,0.0,0.0,0.0,0.0
6,9qqqjj,qjjttj,121111101011,prime,exact,exact,0.0034804015757533982,0.0034804015757533982,0.0034804015757533982,0.19650904199968294,0.19650904199968294,0.19650904199968294
6,9qqqjj,qtqtkk,121012101313,prime,exact,exact,0.01234496667450277,0.01234496667450277,0.01234496667450277,0.39049336247294275,0.39049336247294275,0.39049336247294275
6,9qqqjj,qtqtkj,121012101311,prime,exact,exact,0.014844961285511712,0.014844961285511712,0.014844961285511712,0.3977362195337421,0.3977362195337421,0.3977362195337421
6,9qqqjj,qtttjj,121010101111,prime,exact,exact,0.0071690323056117005,0.0071690323056117005,0.0071690323056117005,0.3357949373831393,0.3357949373831393,0.3357949373831393
6,9qqqjj,jjkjkj,111113111311,prime,exact,exact,0.0007229989317937492,0.0007229989317937492,0.0007229989317937492,0.06175803623336238,0.06175803623336238,0.06175803623336238
6,9qqqjj,tjtttk,101110101013,prime,exact,exact,0.012026570857344114,0.012026570857344114,0.012026570857344114,0.3815192870779938,0.3815192870779938,0.3815192870779938
6,9qqqjj,9kkqjk,91313121113,prime,exact,exact,0.01925083425953698,0.01925083425953698,0.01925083425953698,0.5142713553167468,0.5142713553167468,0.5142713553167468
6,9qqqjj,9kkjjj,91313111111,prime,exact,exact,0.006810506628692957,0.006810506628692957,0.006810506628692957,0.27774305921181236,0.27774305921181236,0.27774305921181236
6,9qqqjj,9kktqk,91313101213,prime,exact,exact,0.02877075128979118,0.02877075128979118,0.02877075128979118,0.5685889666538395,0.5685889666538395,0.5685889666538395
6,9qqqjj,9kqktj,91312131011,prime,exact,exact,0.057742064953871984,0.057742064953871984,0.057742064953871984,0.7200208586029934,0.7200208586029934,0.7200208586029934
6,9qqqjj,9kqqkj,91312121311,prime,exact,exact,0.011093521550593049,0.011093521550593049,0.011093521550593049,0.3623999973213737,0.3623999973213737,0.3623999973213737
6,9qqqjj,9kqqjj,91312121111,prime,exact,exact,0.004965736526339463,0.004965736526339463,0.004965736526339463,0.21324116857036776,0.21324116857036776,0.21324116857036776
6,9qqqjj,9ktqtj,91310121011,prime,exact,exact,0.057742064953871984,0.057742064953871984,0.057742064953871984,0.7200208586029934,0.7200208586029934,0.7200208586029934
6,9qqqjj,9kttqk,91310101213,prime,exact,exact,0.04813352092951474,0.04813352092951474,0.04813352092951474,0.7088313879196064,0.7088313879196064,0.7088313879196064
6,9qqqjj,9qkkkk,91213131313,prime,exact,exact,0.005827039630097757,0.005827039630097757,0.005827039630097757,0.2809198282822786,0.2809198282822786,0.2809198282822786
6,9qqqjj,9qkqtj,91213121011,prime,exact,exact,0.02090753544676326,0.02090753544676326,0.02090753544676326,0.42645242695592445,0.42645242695592445,0.42645242695592445
6,9qqttj,kkkktj,131313131011,prime,exact,exact,0.010132354126285102,0.010132354126285102,0.010132354126285102,0.367274138686504,0.367274138686504,0.367274138686504
6,9qqttj,kkkqqj,131313121211,prime,exact,exact,0.014167535706778027,0.014167535706778027,0.014167535706778027,0.4467819436622613,0.4467819436622613,0.4467819436622613
6,9qqttj,kkkttj,131313101011,prime,exact,exact,0.014167535706778027,0.014167535706778027,0.014167535706778027,0.4467819436622613,0.4467819436622613,0.4467819436622613
6,9qqttj,kkqqqj,131312121211,prime,exact,exact,0.00763409662714078,0.00763409662714078,0.00763409662714078,0.29274293335552554,0.29274293335552554,0.29274293335552554
6,9qqttj,kkqqtj,131312121011,prime,exact,exact,0.029468185929739116,0.029468185929739116,0.029468185929739116,0.588795754684178,0.588795754684178,0.588795754684178
6,9qqttj,kkqjjj,131312111111,prime,exact,exact,0.01530878971176522,0.01530878971176522,0.01530878971176522,0.4578246943533387,0.4578246943533387,0.4578246943533387
6,9qqttj,kkqtjj,131312101111,prime,exact,exact,0.04076713600986187,0.04076713600986187,0.04076713600986187,0.6906445879182966,0.6906445879182966,0.6906445879182966
6,9qqttj,kkjkjk,131311131113,prime,exact,exact,0.006292226640317514,0.006292226640317514,0.006292226640317514,0.3082616789933863,0.3082616789933863,0.3082616789933863
6,9qqttj,kkjqkj,131311121311,prime,exact,exact,0.020176702234270164,0.020176702234270164,0.020176702234270164,0.5447237804583238,0.5447237804583238,0.5447237804583238
6,9qqttj,kqkktk,131213131013,prime,exact,exact,0.007808584673238049,0.007808584673238049,0.007808584673238049,0.33547101669620105,0.33547101669620105,0.33547101669620105
6,9qqttj,kqtqkk,131210121313,prime,exact,exact,0.011016661872137954,0.011016661872137954,0.011016661872137954,0.4119162988136329,0.4119162988136329,0.4119162988136329
6,9qqttj,kqtttk,131210101013,prime,exact,exact,0.005760452007613738,0.005760452007613738,0.005760452007613738,0.2619410207612136,0.2619410207612136,0.2619410207612136
6,9qqttj,kjjjtj,131111111011,prime,exact,exact,0.004190754828652165,0.004190754828652165,0.004190754828652165,0.20052860325123512,0.20052860325123512,0.20052860325123512
6,9qqttj,kjjtkk,131111101313,prime,exact,exact,0.020176702234270164,0.020176702234270164,0.020176702234270164,0.5447237804583238,0.5447237804583238,0.5447237804583238
6,9qqttj,kjtqtj,131110121011,prime,exact,exact,0.02260587705355367,0.02260587705355367,0.02260587705355367,0.5196154151289276,0.5196154151289276,0.5196154151289276
6,9qqttj,ktqktk,131012131013,prime,exact,exact,0.011016661872137954,0.011016661872137954,0.011016661872137954,0.4119162988136329,0.4119162988136329,0.4119162988136329
6,9qqttj,ktttjj,131010101111,prime,exact,exact,0.005548987111866317,0.005548987111866317,0.005548987111866317,0.24234381920144824,0.24234381920144824,0.24234381920144824
6,9qqttj,ktqqqj,131012121211,prime,exact,exact,0.00917641322005892,0.00917641322005892,0.00917641322005892,0.2982795073256713,0.2982795073256713,0.2982795073256713
6,9qqttj,ktjjqj,131011111211,prime,exact,exact,0.018438514788056186,0.018438514788056186,0.018438514788056186,0.46616731439156556,0.46616731439156556,0.46616731439156556
6,9qqttj,kttjkj,131010111311,prime,exact,exact,0.0187691243694503,0.0187691243694503,0.0187691243694503,0.510505976983572,0.510505976983572,0.510505976983572
6,9qqttj,qkkkqk,121313131213,prime,exact,exact,0.003135726245258442,0.003135726245258442,0.003135726245258442,0.2091419487902755,0.2091419487902755,0.2091419487902755
6,9qqttj,qkqqjj,121312121111,prime,exact,exact,0.005548987111866317,0.005548987111866317,0.005548987111866317,0.24234381920144824,0.24234381920144824,0.24234381920144824
6,9qqttj,qqqttj,121212101011,prime,exact,exact,0.0020744890434713404,0.0020744890434713404,0.0020744890434713404,0.14063272350283126,0.14063272350283126,0.14063272350283126
6,9qqttj,qqjqtj,121211121011,prime,exact,exact,0.003465284236696602,0.003465284236696602,0.003465284236696602,0.2054168608904854,0.2054168608904854,0.2054168608904854
6,9qqttj,qqtjjj,121210111111,prime,exact,exact,0.004977018142376234,0.004977018142376234,0.004977018142376234,0.2669617914087568,0.2669617914087568,0.2669617914087568
6,9qqttj,qqtttj,121210101011,prime,exact,exact,0.0020744890434713404,0.0020744890434713404,0.0020744890434713404,0.14063272350283126,0.14063272350283126,0.14063272350283126
6,9qqttj,qjqjkj,121112111311,prime,exact,exact,0.007734032747686297,0.007734032747686297,0.007734032747686297,0.30653900988557825,0.30653900988557825,0.30653900988557825
6,9qqttj,qjjjqj,121111111211,prime,exact,exact,0.0009134774039093829,0.0009134774039093829,0.0009134774039093829,0.09010109634046105,0.09010109634046105,0.09010109634046105
6,9qqttj,qjjttj,121111101011,prime,exact,exact,0.004977018142376234,0.004977018142376234,0.004977018142376234,0.2669617914087568,0.2669617914087568,0.2669617914087568
6,9qqttj,qtqtkk,121012101313,prime,exact,exact,0.009974810434553097,0.009974810434553097,0.009974810434553097,0.3743414991287935,0.3743414991287935,0.3743414991287935
6,9qqttj,qtqtkj,121012101311,prime,exact,exact,0.015528821121376381,0.015528821121376381,0.015528821121376381,0.41592279874716337,0.41592279874716337,0.41592279874716337
6,9qqttj,qtttjj,121010101111,prime,exact,exact,0.003465284236696602,0.003465284236696602,0.003465284236696602,0.2054168608904854,0.2054168608904854,0.2054168608904854
6,9qqttj,jjkjkj,111113111311,prime,exact,exact,0.0034804015757533982,0.0034804015757533982,0.0034804015757533982,0.19650904199968294,0.19650904199968294,0.19650904199968294
6,9qqttj,tjtttk,101110101013,prime,exact,exact,0.0011895345665358433,0.0011895345665358433,0.0011895345665358433,0.07319832594931858,0.07319832594931858,0.07319832594931858
6,9qqttj,9kkqjk,91313121113,prime,exact,exact,0.0359556718052003,0.0359556718052003,0.0359556718052003,0.6402488037245261,0.6402488037245261,0.6402488037245261
6,9qqttj,9kkjjj,91313111111,prime,exact,exact,0.01774569777052525,0.01774569777052525,0.01774569777052525,0.47709452208181935,0.47709452208181935,0.47709452208181935
6,9qqttj,9kktqk,91313101213,prime,exact,exact,0.028478023938780482,0.028478023938780482,0.028478023938780482,0.6017308123307671,0.6017308123307671,0.6017308123307671
6,9qqttj,9kqktj,91312131011,prime,exact,exact,0.07078179011520598,0.07078179011520598,0.07078179011520598,0.7885403604146315,0.7885403604146315,0.7885403604146315
6,9qqttj,9kqqkj,91312121311,prime,exact,exact,0.03391140990938553,0.03391140990938553,0.03391140990938553,0.6096392042750481,0.6096392042750481,0.6096392042750481
6,9qqttj,9kqqjj,91312121111,prime,exact,exact,0.026088213925633753,0.026088213925633753,0.026088213925633753,0.5395788321348929,0.5395788321348929,0.5395788321348929
6,9qqttj,9ktqtj,91310121011,prime,exact,exact,0.040706508770134216,0.040706508770134216,0.040706508770134216,0.6197142739435619,0.6197142739435619,0.6197142739435619
6,9qqttj,9kttqk,91310101213,prime,exact,exact,0.02667363540527037,0.02667363540527037,0.02667363540527037,0.5688632182297564,0.5688632182297564,0.5688632182297564
6,9qqttj,9qkkkk,91213131313,prime,exact,exact,0.009110713356175108,0.009110713356175108,0.009110713356175108,0.3517360014497724,0.3517360014497724,0.3517360014497724
6,9qqttj,9qkqtj,91213121011,prime,exact,exact,0.040706508770134216,0.040706508770134216,0.040706508770134216,0.6197142739435619,0.6197142739435619,0.6197142739435619
6,9qqttj,9qqqjj,91212121111,prime,exact,exact,0.004107269182748087,0.004107269182748087,0.004107269182748087,0.218416745816089,0.218416745816089,0.218416745816089
6,9qjjjk,kkkktj,131313131011,prime,exact,exact,0.0025077341957343503,0.0025077341957343503,0.0025077341957343503,0.14840681998934976,0.14840681998934976,0.14840681998934976
6,9qjjjk,kkkqqj,131313121211,prime,exact,exact,0.006292226640317514,0.006292226640317514,0.006292226640317514,0.3082616789933863,0.3082616789933863,0.3082616789933863
6,9qjjjk,kkkttj,131313101011,prime,exact,exact,0.009974810434553097,0.009974810434553097,0.009974810434553097,0.3743414991287935,0.3743414991287935,0.3743414991287935
6,9qjjjk,kkqqqj,131312121211,prime,exact,exact,0.006292226640317514,0.006292226640317514,0.006292226640317514,0.3082616789933863,0.3082616789933863,0.3082616789933863
6,9qjjjk,kkqqtj,131312121011,prime,exact,exact,0.027387169661543663,0.027387169661543663,0.027387169661543663,0.5720532822869383,0.5720532822869383,0.5720532822869383
6,9qjjjk,kkqjjj,131312111111,prime,exact,exact,0.0010253457129296756,0.0010253457129296756,0.0010253457129296756,0.07860191195415245,0.07860191195415245,0.07860191195415245
6,9qjjjk,kkqtjj,131312101111,prime,exact,exact,0.011969471282991896,0.011969471282991896,0.011969471282991896,0.35384211671149257,0.35384211671149257,0.35384211671149257
6,9qjjjk,kkjkjk,131311131113,prime,exact,exact,0.00015156351544684827,0.00015156351544684827,0.00015156351544684827,0.022077752083424232,0.022077752083424232,0.022077752083424232
6,9qjjjk,kkjqkj,131311121311,prime,exact,exact,0.0020744890434713404,0.0020744890434713404,0.0020744890434713404,0.14063272350283126,0.14063272350283126,0.14063272350283126
6,9qjjjk,kqkktk,131213131013,prime,exact,exact,0.005573599271630175,0.005573599271630175,0.005573599271630175,0.22526436479924852,0.22526436479924852,0.22526436479924852
6,9qjjjk,kqtqkk,131210121313,prime,exact,exact,0.01493626452402392,0.01493626452402392,0.01493626452402392,0.431763802722396,0.431763802722396,0.431763802722396
6,9qjjjk,kqtttk,131210101013,prime,exact,exact,0.025599241228077173,0.025599241228077173,0.025599241228077173,0.5823501129797216,0.5823501129797216,0.5823501129797216
6,9qjjjk,kjjjtj,131111111011,prime,exact,exact,0.0,0.0,0.0,0.0,0.0,0.0
6,9qjjjk,kjjtkk,131111101313,prime,exact,exact,0.0025077341957343503,0.0025077341957343503,0.0025077341957343503,0.14840681998934976,0.14840681998934976,0.14840681998934976
6,9qjjjk,kjtqtj,131110121011,prime,exact,exact,0.016309273634556497,0.016309273634556497,0.016309273634556497,0.42142660068300014,0.42142660068300014,0.42142660068300014
6,9qjjjk,ktqktk,131012131013,prime,exact,exact,0.01966052392583127,0.01966052392583127,0.01966052392583127,0.4957013292237342,0.4957013292237342,0.4957013292237342
6,9qjjjk,ktttjj,131010101111,prime,exact,exact,0.00547962520325278,0.00547962520325278,0.00547962520325278,0.26113121904386793,0.26113121904386793,0.26113121904386793
6,9qjjjk,ktqqqj,131012121211,prime,exact,exact,0.015528821121376381,0.015528821121376381,0.015528821121376381,0.41592279874716337,0.41592279874716337,0.41592279874716337
6,9qjjjk,ktjjqj,131011111211,prime,exact,exact,0.0029837424849972066,0.0029837424849972066,0.0029837424849972066,0.12690789052562423,0.12690789052562423,0.12690789052562423
6,9qjjjk,kttjkj,131010111311,prime,exact,exact,0.0075426973568861605,0.0075426973568861605,0.0075426973568861605,0.3123106875801147,0.3123106875801147,0.3123106875801147
6,9qjjjk,qkkkqk,121313131213,prime,exact,exact,0.0020775125112826994,0.0020775125112826994,0.0020775125112826994,0.15245582857607815,0.15245582857607815,0.15245582857607815
6,9qjjjk,qkqqjj,121312121111,prime,exact,exact,0.0020744890434713404,0.0020744890434713404,0.0020744890434713404,0.14063272350283126,0.14063272350283126,0.14063272350283126
6,9qjjjk,qqqttj,121212101011,prime,exact,exact,0.009974810434553097,0.009974810434553097,0.009974810434553097,0.3743414991287935,0.3743414991287935,0.3743414991287935
6,9qjjjk,qqjqtj,121211121011,prime,exact,exact,0.0025077341957343503,0.0025077341957343503,0.0025077341957343503,0.14840681998934976,0.14840681998934976,0.14840681998934976
6,9qjjjk,qqtjjj,121210111111,prime,exact,exact,0.001257441330213431,0.001257441330213431,0.001257441330213431,0.08394660328863392,0.08394660328863392,0.08394660328863392
6,9qjjjk,qqtttj,121210101011,prime,exact,exact,0.013518136858418428,0.013518136858418428,0.013518136858418428,0.46034244151090437,0.46034244151090437,0.46034244151090437
6,9qjjjk,qjqjkj,121112111311,prime,exact,exact,0.0010253457129296756,0.0010253457129296756,0.0010253457129296756,0.07860191195415245,0.07860191195415245,0.07860191195415245
6,9qjjjk,qjjjqj,121111111211,prime,exact,exact,0.0,0.0,0.0,0.0,0.0,0.0
6,9qjjjk,qjjttj,121111101011,prime,exact,exact,0.0018224741088421594,0.0018224741088421594,0.0018224741088421594,0.10775477377859681,0.10775477377859681,0.10775477377859681
6,9qjjjk,qtqtkk,121012101313,prime,exact,exact,0.0333295491437397,0.0333295491437397,0.0333295491437397,0.65059431225058,0.65059431225058,0.65059431225058
6,9qjjjk,qtqtkj,121012101311,prime,exact,exact,0.03537671529844666,0.03537671529844666,0.03537671529844666,0.6412834923291806,0.6412834923291806,0.6412834923291806
6,9qjjjk,qtttjj,121010101111,prime,exact,exact,0.00547962520325278,0.00547962520325278,0.00547962520325278,0.26113121904386793,0.26113121904386793,0.26113121904386793
6,9qjjjk,jjkjkj,111113111311,prime,exact,exact,0.0,0.0,0.0,0.0,0.0,0.0
6,9qjjjk,tjtttk,101110101013,prime,exact,exact,0.006493376175296769,0.006493376175296769,0.006493376175296769,0.29417112911157156,0.29417112911157156,0.29417112911157156
6,9qjjjk,9kkqjk,91313121113,prime,exact,exact,0.01180014422367922,0.01180014422367922,0.01180014422367922,0.38446971772138483,0.38446971772138483,0.38446971772138483
6,9qjjjk,9kkjjj,91313111111,prime,exact,exact,0.0009019280385109458,0.0009019280385109458,0.0009019280385109458,0.07321655959339053,0.07321655959339053,0.07321655959339053
6,9qjjjk,9kktqk,91313101213,prime,exact,exact,0.02732929477922917,0.02732929477922917,0.02732929477922917,0.5245921355992889,0.5245921355992889,0.5245921355992889
6,9qjjjk,9kqktj,91312131011,prime,exact,exact,0.048647465416697566,0.048647465416697566,0.048647465416697566,0.6722429540446865,0.6722429540446865,0.6722429540446865
6,9qjjjk,9kqqkj,91312121311,prime,exact,exact,0.021096641052300386,0.021096641052300386,0.021096641052300386,0.5365129793162606,0.5365129793162606,0.5365129793162606
6,9qjjjk,9kqqjj,91312121111,prime,exact,exact,0.008927529957559709,0.008927529957559709,0.008927529957559709,0.32161956612830556,0.32161956612830556,0.32161956612830556
6,9qjjjk,9ktqtj,91310121011,prime,exact,exact,0.06213927103621249,0.06213927103621249,0.06213927103621249,0.7433099709178413,0.7433099709178413,0.7433099709178413
6,9qjjjk,9kttqk,91310101213,prime,exact,exact,0.058202105281933196,0.058202105281933196,0.058202105281933196,0.7482011673763239,0.7482011673763239,0.7482011673763239
6,9qjjjk,9qkkkk,91213131313,prime,exact,exact,0.0041221124515987565,0.0041221124515987565,0.0041221124515987565,0.20274907629826908,0.20274907629826908,0.20274907629826908
6,9qjjjk,9qkqtj,91213121011,prime,exact,exact,0.048647465416697566,0.048647465416697566,0.048647465416697566,0.6722429540446865,0.6722429540446865,0.6722429540446865
6,9qjjjk,9qqqjj,91212121111,prime,exact,exact,0.0018435090373051454,0.0018435090373051454,0.0018435090373051454,0.132645566885332,0.132645566885332,0.132645566885332
6,9qjjjk,9qqttj,91212101011,prime,exact,exact,0.03210133426071858,0.03210133426071858,0.03210133426071858,0.6214771772446188,0.6214771772446188,0.6214771772446188
6,9qjjjj,kkkktj,131313131011,prime,exact,exact,0.0025077341957343503,0.0025077341957343503,0.0025077341957343503,0.14840681998934976,0.14840681998934976,0.14840681998934976
6,9qjjjj,kkkqqj,131313121211,prime,exact,exact,0.005397280168155172,0.005397280168155172,0.005397280168155172,0.2778131344211889,0.2778131344211889,0.2778131344211889
6,9qjjjj,kkkttj,131313101011,prime,exact,exact,0.008827137623570666,0.008827137623570666,0.008827137623570666,0.34761804245638617,0.34761804245638617,0.34761804245638617
6,9qjjjj,kkqqqj,131312121211,prime,exact,exact,0.0034804015757533982,0.0034804015757533982,0.0034804015757533982,0.19650904199968294,0.19650904199968294,0.19650904199968294
6,9qjjjj,kkqqtj,131312121011,prime,exact,exact,0.019013616882785148,0.019013616882785148,0.019013616882785148,0.4618637288426687,0.4618637288426687,0.4618637288426687
6,9qjjjj,kkqjjj,131312111111,prime,exact,exact,0.0,0.0,0.0,0.0,0.0,0.0
6,9qjjjj,kkqtjj,131312101111,prime,exact,exact,0.0055877062889543375,0.0055877062889543375,0.0055877062889543375,0.1980699882425314,0.1980699882425314,0.1980699882425314
6,9qjjjj,kkjkjk,131311131113,prime,exact,exact,0.00015156351544684827,0.00015156351544684827,0.00015156351544684827,0.022077752083424232,0.022077752083424232,0.022077752083424232
6,9qjjjj,kkjqkj,131311121311,prime,exact,exact,0.0013458333009337578,0.0013458333009337578,0.0013458333009337578,0.09836107385738696,0.09836107385738696,0.09836107385738696
6,9qjjjj,kqkktk,131213131013,prime,exact,exact,0.015528821121376381,0.015528821121376381,0.015528821121376381,0.41592279874716337,0.41592279874716337,0.41592279874716337
6,9qjjjj,kqtqkk,131210121313,prime,exact,exact,0.02998310884969743,0.02998310884969743,0.02998310884969743,0.598473716381242,0.598473716381242,0.598473716381242
6,9qjjjj,kqtttk,131210101013,prime,exact,exact,0.038401029336565265,0.038401029336565265,0.038401029336565265,0.664951075541528,0.664951075541528,0.664951075541528
6,9qjjjj,kjjjtj,131111111011,prime,exact,exact,0.0,0.0,0.0,0.0,0.0,0.0
6,9qjjjj,kjjtkk,131111101313,prime,exact,exact,0.0016501364435946814,0.0016501364435946814,0.0016501364435946814,0.1050014479396215,0.1050014479396215,0.1050014479396215
6,9qjjjj,kjtqtj,131110121011,prime,exact,exact,0.0055877062889543375,0.0055877062889543375,0.0055877062889543375,0.1980699882425314,0.1980699882425314,0.1980699882425314
6,9qjjjj,ktqktk,131012131013,prime,exact,exact,0.038401029336565265,0.038401029336565265,0.038401029336565265,0.664951075541528,0.664951075541528,0.664951075541528
6,9qjjjj,ktttjj,131010101111,prime,exact,exact,0.0016501364435946814,0.0016501364435946814,0.0016501364435946814,0.1050014479396215,0.1050014479396215,0.1050014479396215
6,9qjjjj,ktqqqj,131012121211,prime,exact,exact,0.006702305063747441,0.006702305063747441,0.006702305063747441,0.2366241493004891,0.2366241493004891,0.2366241493004891
6,9qjjjj,ktjjqj,131011111211,prime,exact,exact,0.0,0.0,0.0,0.0,0.0,0.0
6,9qjjjj,kttjkj,131010111311,prime,exact,exact,0.003419754368478486,0.003419754368478486,0.003419754368478486,0.16881382326646083,0.16881382326646083,0.16881382326646083
6,9qjjjj,qkkkqk,121313131213,prime,exact,exact,0.006292226640317514,0.006292226640317514,0.006292226640317514,0.3082616789933863,0.3082616789933863,0.3082616789933863
6,9qjjjj,qkqqjj,121312121111,prime,exact,exact,0.0004720511034509303,0.0004720511034509303,0.0004720511034509303,0.04183691398665874,0.04183691398665874,0.04183691398665874
6,9qjjjj,qqqttj,121212101011,prime,exact,exact,0.0034804015757533982,0.0034804015757533982,0.0034804015757533982,0.19650904199968294,0.19650904199968294,0.19650904199968294
6,9qjjjj,qqjqtj,121211121011,prime,exact,exact,0.0004720511034509303,0.0004720511034509303,0.0004720511034509303,0.04183691398665874,0.04183691398665874,0.04183691398665874
6,9qjjjj,qqtjjj,121210111111,prime,exact,exact,0.0,0.0,0.0,0.0,0.0,0.0
6,9qjjjj,qqtttj,121210101011,prime,exact,exact,0.005397280168155172,0.005397280168155172,0.005397280168155172,0.2778131344211889,0.2778131344211889,0.2778131344211889
6,9qjjjj,qjqjkj,121112111311,prime,exact,exact,0.0,0.0,0.0,0.0,0.0,0.0
6,9qjjjj,qjjjqj,121111111211,prime,exact,exact,0.0,0.0,0.0,0.0,0.0,0.0
6,9qjjjj,qjjttj,121111101011,prime,exact,exact,0.0,0.0,0.0,0.0,0.0,0.0
6,9qjjjj,qtqtkk,121012101313,prime,exact,exact,0.049504431863738846,0.049504431863738846,0.049504431863738846,0.7339706421458567,0.7339706421458567,0.7339706421458567
6,9qjjjj,qtqtkj,121012101311,prime,exact,exact,0.019013616882785148,0.019013616882785148,0.019013616882785148,0.4618637288426687,0.4618637288426687,0.4618637288426687
6,9qjjjj,qtttjj,121010101111,prime,exact,exact,0.0013458333009337578,0.0013458333009337578,0.0013458333009337578,0.09836107385738696,0.09836107385738696,0.09836107385738696
6,9qjjjj,jjkjkj,111113111311,prime,exact,exact,0.0,0.0,0.0,0.0,0.0,0.0
6,9qjjjj,tjtttk,101110101013,prime,exact,exact,0.0025077341957343503,0.0025077341957343503,0.0025077341957343503,0.14840681998934976,0.14840681998934976,0.14840681998934976
6,9qjjjj,9kkqjk,91313121113,prime,exact,exact,0.010452565735757001,0.010452565735757001,0.010452565735757001,0.3578798651159076,0.3578798651159076,0.3578798651159076
6,9qjjjj,9kkjjj,91313111111,prime,exact,exact,0.0,0.0,0.0,0.0,0.0,0.0
6,9qjjjj,9kktqk,91313101213,prime,exact,exact,0.05259276367164995,0.05259276367164995,0.05259276367164995,0.6947996418168275,0.6947996418168275,0.6947996418168275
6,9qjjjj,9kqktj,91312131011,prime,exact,exact,0.035875437902867305,0.035875437902867305,0.035875437902867305,0.5770173073630009,0.5770173073630009,0.5770173073630009
6,9qjjjj,9kqqkj,91312121311,prime,exact,exact,0.014282130754347573,0.014282130754347573,0.014282130754347573,0.42322902465325857,0.42322902465325857,0.42322902465325857
6,9qjjjj,9kqqjj,91312121111,prime,exact,exact,0.0027811106696576863,0.0027811106696576863,0.0027811106696576863,0.13597983142447553,0.13597983142447553,0.13597983142447553
6,9qjjjj,9ktqtj,91310121011,prime,exact,exact,0.035875437902867305,0.035875437902867305,0.035875437902867305,0.5770173073630009,0.5770173073630009,0.5770173073630009
6,9qjjjj,9kttqk,91310101213,prime,exact,exact,0.08465699189318819,0.08465699189318819,0.08465699189318819,0.8272781458792606,0.8272781458792606,0.8272781458792606
6,9qjjjj,9qkkkk,91213131313,prime,exact,exact,0.01180014422367922,0.01180014422367922,0.01180014422367922,0.38446971772138483,0.38446971772138483,0.38446971772138483
6,9qjjjj,9qkqtj,91213121011,prime,exact,exact,0.0266990481165802,0.0266990481165802,0.0266990481165802,0.49355335987143045,0.49355335987143045,0.49355335987143045
6,9qjjjj,9qqqjj,91212121111,prime,exact,exact,0.00033794619789151344,0.00033794619789151344,0.00033794619789151344,0.036360621326087944,0.036360621326087944,0.036360621326087944
6,9qjjjj,9qqttj,91212101011,prime,exact,exact,0.014282130754347573,0.014282130754347573,0.014282130754347573,0.42322902465325857,0.42322902465325857,0.42322902465325857
6,9qjjjj,9qjjjk,91211111113,prime,exact,exact,0.0,0.0,0.0,0.0,0.0,0.0
6,9qjjtj,kkkktj,131313131011,prime,exact,exact,0.006493376175296769,0.006493376175296769,0.006493376175296769,0.29417112911157156,0.29417112911157156,0.29417112911157156
6,9qjjtj,kkkqqj,131313121211,prime,exact,exact,0.013518136858418428,0.013518136858418428,0.013518136858418428,0.46034244151090437,0.46034244151090437,0.46034244151090437
6,9qjjtj,kkkttj,131313101011,prime,exact,exact,0.013518136858418428,0.013518136858418428,0.013518136858418428,0.46034244151090437,0.46034244151090437,0.46034244151090437
6,9qjjtj,kkqqqj,131312121211,prime,exact,exact,0.009974810434553097,0.009974810434553097,0.009974810434553097,0.3743414991287935,0.3743414991287935,0.3743414991287935
6,9qjjtj,kkqqtj,131312121011,prime,exact,exact,0.03537671529844666,0.03537671529844666,0.03537671529844666,0.6412834923291806,0.6412834923291806,0.6412834923291806
6,9qjjtj,kkqjjj,131312111111,prime,exact,exact,0.0018224741088421594,0.0018224741088421594,0.0018224741088421594,0.10775477377859681,0.10775477377859681,0.10775477377859681
6,9qjjtj,kkqtjj,131312101111,prime,exact,exact,0.016309273634556497,0.016309273634556497,0.016309273634556497,0.42142660068300014,0.42142660068300014,0.42142660068300014
6,9qjjtj,kkjkjk,131311131113,prime,exact,exact,0.0009134774039093829,0.0009134774039093829,0.0009134774039093829,0.09010109634046105,0.09010109634046105,0.09010109634046105
6,9qjjtj,kkjqkj,131311121311,prime,exact,exact,0.00547962520325278,0.00547962520325278,0.00547962520325278,0.26113121904386793,0.26113121904386793,0.26113121904386793
6,9qjjtj,kqkktk,131213131013,prime,exact,exact,0.013109683738001638,0.013109683738001638,0.013109683738001638,0.40095452829429007,0.40095452829429007,0.40095452829429007
6,9qjjtj,kqtqkk,131210121313,prime,exact,exact,0.025599241228077173,0.025599241228077173,0.025599241228077173,0.5823501129797216,0.5823501129797216,0.5823501129797216
6,9qjjtj,kqtttk,131210101013,prime,exact,exact,0.01966052392583127,0.01966052392583127,0.01966052392583127,0.4957013292237342,0.4957013292237342,0.4957013292237342
6,9qjjtj,kjjjtj,131111111011,prime,exact,exact,0.0,0.0,0.0,0.0,0.0,0.0
6,9qjjtj,kjjtkk,131111101313,prime,exact,exact,0.00547962520325278,0.00547962520325278,0.00547962520325278,0.26113121904386793,0.26113121904386793,0.26113121904386793
6,9qjjtj,kjtqtj,131110121011,prime,exact,exact,0.011969471282991896,0.011969471282991896,0.011969471282991896,0.35384211671149257,0.35384211671149257,0.35384211671149257
6,9qjjtj,ktqktk,131012131013,prime,exact,exact,0.025599241228077173,0.025599241228077173,0.025599241228077173,0.5823501129797216,0.5823501129797216,0.5823501129797216
6,9qjjtj,ktttjj,131010101111,prime,exact,exact,0.0025077341957343503,0.0025077341957343503,0.0025077341957343503,0.14840681998934976,0.14840681998934976,0.14840681998934976
6,9qjjtj,ktqqqj,131012121211,prime,exact,exact,0.015528821121376381,0.015528821121376381,0.015528821121376381,0.41592279874716337,0.41592279874716337,0.41592279874716337
6,9qjjtj,ktjjqj,131011111211,prime,exact,exact,0.0029837424849972066,0.0029837424849972066,0.0029837424849972066,0.12690789052562423,0.12690789052562423,0.12690789052562423
6,9qjjtj,kttjkj,131010111311,prime,exact,exact,0.0075426973568861605,0.0075426973568861605,0.0075426973568861605,0.3123106875801147,0.3123106875801147,0.3123106875801147
6,9qjjtj,qkkkqk,121313131213,prime,exact,exact,0.006292226640317514,0.006292226640317514,0.006292226640317514,0.3082616789933863,0.3082616789933863,0.3082616789933863
6,9qjjtj,qkqqjj,121312121111,prime,exact,exact,0.0025077341957343503,0.0025077341957343503,0.0025077341957343503,0.14840681998934976,0.14840681998934976,0.14840681998934976
6,9qjjtj,qqqttj,121212101011,prime,exact,exact,0.006292226640317514,0.006292226640317514,0.006292226640317514,0.3082616789933863,0.3082616789933863,0.3082616789933863
6,9qjjtj,qqjqtj,121211121011,prime,exact,exact,0.0020744890434713404,0.0020744890434713404,0.0020744890434713404,0.14063272350283126,0.14063272350283126,0.14063272350283126
6,9qjjtj,qqtjjj,121210111111,prime,exact,exact,0.0010253457129296756,0.0010253457129296756,0.0010253457129296756,0.07860191195415245,0.07860191195415245,0.07860191195415245
6,9qjjtj,qqtttj,121210101011,prime,exact,exact,0.006292226640317514,0.006292226640317514,0.006292226640317514,0.3082616789933863,0.3082616789933863,0.3082616789933863
6,9qjjtj,qjqjkj,121112111311,prime,exact,exact,0.001257441330213431,0.001257441330213431,0.001257441330213431,0.08394660328863392,0.08394660328863392,0.08394660328863392
6,9qjjtj,qjjjqj,121111111211,prime,exact,exact,0.0,0.0,0.0,0.0,0.0,0.0
6,9qjjtj,qjjttj,121111101011,prime,exact,exact,0.0010253457129296756,0.0010253457129296756,0.0010253457129296756,0.07860191195415245,0.07860191195415245,0.07860191195415245
6,9qjjtj,qtqtkk,121012101313,prime,exact,exact,0.0333295491437397,0.0333295491437397,0.0333295491437397,0.65059431225058,0.65059431225058,0.65059431225058
6,9qjjtj,qtqtkj,121012101311,prime,exact,exact,0.027387169661543663,0.027387169661543663,0.027387169661543663,0.5720532822869383,0.5720532822869383,0.5720532822869383
6,9qjjtj,qtttjj,121010101111,prime,exact,exact,0.0020744890434713404,0.0020744890434713404,0.0020744890434713404,0.14063272350283126,0.14063272350283126,0.14063272350283126
6,9qjjtj,jjkjkj,111113111311,prime,exact,exact,0.0,0.0,0.0,0.0,0.0,0.0
6,9qjjtj,tjtttk,101110101013,prime,exact,exact,0.0025077341957343503,0.0025077341957343503,0.0025077341957343503,0.14840681998934976,0.14840681998934976,0.14840681998934976
6,9qjjtj,9kkqjk,91313121113,prime,exact,exact,0.024516228617761617,0.024516228617761617,0.024516228617761617,0.5522135435081698,0.5522135435081698,0.5522135435081698
6,9qjjtj,9kkjjj,91313111111,prime,exact,exact,0.0016038654993949992,0.0016038654993949992,0.0016038654993949992,0.10047637844222161,0.10047637844222161,0.10047637844222161
6,9qjjtj,9kktqk,91313101213,prime,exact,exact,0.04519263840540736,0.04519263840540736,0.04519263840540736,0.6786853071525489,0.6786853071525489,0.6786853071525489
6,9qjjtj,9kqktj,91312131011,prime,exact,exact,0.06213927103621249,0.06213927103621249,0.06213927103621249,0.7433099709178413,0.7433099709178413,0.7433099709178413
6,9qjjtj,9kqqkj,91312121311,prime,exact,exact,0.03210133426071858,0.03210133426071858,0.03210133426071858,0.6214771772446188,0.6214771772446188,0.6214771772446188
6,9qjjtj,9kqqjj,91312121111,prime,exact,exact,0.010698980621385416,0.010698980621385416,0.010698980621385416,0.3365505444727187,0.3365505444727187,0.3365505444727187
6,9qjjtj,9ktqtj,91310121011,prime,exact,exact,0.048647465416697566,0.048647465416697566,0.048647465416697566,0.6722429540446865,0.6722429540446865,0.6722429540446865
6,9qjjtj,9kttqk,91310101213,prime,exact,exact,0.058202105281933196,0.058202105281933196,0.058202105281933196,0.7482011673763239,0.7482011673763239,0.7482011673763239
6,9qjjtj,9qkkkk,91213131313,prime,exact,exact,0.01180014422367922,0.01180014422367922,0.01180014422367922,0.38446971772138483,0.38446971772138483,0.38446971772138483
6,9qjjtj,9qkqtj,91213121011,prime,exact,exact,0.048647465416697566,0.048647465416697566,0.048647465416697566,0.6722429540446865,0.6722429540446865,0.6722429540446865
6,9qjjtj,9qqqjj,91212121111,prime,exact,exact,0.0018435090373051454,0.0018435090373051454,0.0018435090373051454,0.132645566885332,0.132645566885332,0.132645566885332
6,9qjjtj,9qqttj,91212101011,prime,exact,exact,0.021096641052300386,0.021096641052300386,0.021096641052300386,0.5365129793162606,0.5365129793162606,0.5365129793162606
6,9qjjtj,9qjjjk,91211111113,prime,exact,exact,0.0026278496123705183,0.0026278496123705183,0.0026278496123705183,0.1184523965823154,0.1184523965823154,0.1184523965823154
6,9qjjtj,9qjjjj,91211111111,prime,exact,exact,0.0,0.0,0.0,0.0,0.0,0.0
6,9qtqjj,kkkktj,131313131011,prime,exact,exact,0.010132354126285102,0.010132354126285102,0.010132354126285102,0.367274138686504,0.367274138686504,0.367274138686504
6,9qtqjj,kkkqqj,131313121211,prime,exact,exact,0.011016661872137954,0.011016661872137954,0.011016661872137954,0.4119162988136329,0.4119162988136329,0.4119162988136329
6,9qtqjj,kkkttj,131313101011,prime,exact,exact,0.020176702234270164,0.020176702234270164,0.020176702234270164,0.5447237804583238,0.5447237804583238,0.5447237804583238
6,9qtqjj,kkqqqj,131312121211,prime,exact,exact,0.005760452007613738,0.005760452007613738,0.005760452007613738,0.2619410207612136,0.2619410207612136,0.2619410207612136
6,9qtqjj,kkqqtj,131312121011,prime,exact,exact,0.029468185929739116,0.029468185929739116,0.029468185929739116,0.588795754684178,0.588795754684178,0.588795754684178
6,9qtqjj,kkqjjj,131312111111,prime,exact,exact,0.005760452007613738,0.005760452007613738,0.005760452007613738,0.2619410207612136,0.2619410207612136,0.2619410207612136
6,9qtqjj,kkqtjj,131312101111,prime,exact,exact,0.029468185929739116,0.029468185929739116,0.029468185929739116,0.588795754684178,0.588795754684178,0.588795754684178
6,9qtqjj,kkjkjk,131311131113,prime,exact,exact,0.003135726245258442,0.003135726245258442,0.003135726245258442,0.2091419487902755,0.2091419487902755,0.2091419487902755
6,9qtqjj,kkjqkj,131311121311,prime,exact,exact,0.011016661872137954,0.011016661872137954,0.011016661872137954,0.4119162988136329,0.4119162988136329,0.4119162988136329
6,9qtqjj,kqkktk,131213131013,prime,exact,exact,0.010132354126285102,0.010132354126285102,0.010132354126285102,0.367274138686504,0.367274138686504,0.367274138686504
6,9qtqjj,kqtqkk,131210121313,prime,exact,exact,0.014167535706778027,0.014167535706778027,0.014167535706778027,0.4467819436622613,0.4467819436622613,0.4467819436622613
6,9qtqjj,kqtttk,131210101013,prime,exact,exact,0.01530878971176522,0.01530878971176522,0.01530878971176522,0.4578246943533387,0.4578246943533387,0.4578246943533387
6,9qtqjj,kjjjtj,131111111011,prime,exact,exact,0.0011895345665358433,0.0011895345665358433,0.0011895345665358433,0.07319832594931858,0.07319832594931858,0.07319832594931858
6,9qtqjj,kjjtkk,131111101313,prime,exact,exact,0.014167535706778027,0.014167535706778027,0.014167535706778027,0.4467819436622613,0.4467819436622613,0.4467819436622613
6,9qtqjj,kjtqtj,131110121011,prime,exact,exact,0.02260587705355367,0.02260587705355367,0.02260587705355367,0.5196154151289276,0.5196154151289276,0.5196154151289276
6,9qtqjj,ktqktk,131012131013,prime,exact,exact,0.020176702234270164,0.020176702234270164,0.020176702234270164,0.5447237804583238,0.5447237804583238,0.5447237804583238
6,9qtqjj,ktttjj,131010101111,prime,exact,exact,0.007734032747686297,0.007734032747686297,0.007734032747686297,0.30653900988557825,0.30653900988557825,0.30653900988557825
6,9qtqjj,ktqqqj,131012121211,prime,exact,exact,0.00917641322005892,0.00917641322005892,0.00917641322005892,0.2982795073256713,0.2982795073256713,0.2982795073256713
6,9qtqjj,ktjjqj,131011111211,prime,exact,exact,0.00917641322005892,0.00917641322005892,0.00917641322005892,0.2982795073256713,0.2982795073256713,0.2982795073256713
6,9qtqjj,kttjkj,131010111311,prime,exact,exact,0.0187691243694503,0.0187691243694503,0.0187691243694503,0.510505976983572,0.510505976983572,0.510505976983572
6,9qtqjj,qkkkqk,121313131213,prime,exact,exact,0.003135726245258442,0.003135726245258442,0.003135726245258442,0.2091419487902755,0.2091419487902755,0.2091419487902755
6,9qtqjj,qkqqjj,121312121111,prime,exact,exact,0.0025077341957343503,0.0025077341957343503,0.0025077341957343503,0.14840681998934976,0.14840681998934976,0.14840681998934976
6,9qtqjj,qqqttj,121212101011,prime,exact,exact,0.003465284236696602,0.003465284236696602,0.003465284236696602,0.2054168608904854,0.2054168608904854,0.2054168608904854
6,9qtqjj,qqjqtj,121211121011,prime,exact,exact,0.0020744890434713404,0.0020744890434713404,0.0020744890434713404,0.14063272350283126,0.14063272350283126,0.14063272350283126
6,9qtqjj,qqtjjj,121210111111,prime,exact,exact,0.0020744890434713404,0.0020744890434713404,0.0020744890434713404,0.14063272350283126,0.14063272350283126,0.14063272350283126
6,9qtqjj,qqtttj,121210101011,prime,exact,exact,0.004977018142376234,0.004977018142376234,0.004977018142376234,0.2669617914087568,0.2669617914087568,0.2669617914087568
6,9qtqjj,qjqjkj,121112111311,prime,exact,exact,0.0025077341957343503,0.0025077341957343503,0.0025077341957343503,0.14840681998934976,0.14840681998934976,0.14840681998934976
6,9qtqjj,qjjjqj,121111111211,prime,exact,exact,0.00015156351544684827,0.00015156351544684827,0.00015156351544684827,0.022077752083424232,0.022077752083424232,0.022077752083424232
6,9qtqjj,qjjttj,121111101011,prime,exact,exact,0.003465284236696602,0.003465284236696602,0.003465284236696602,0.2054168608904854,0.2054168608904854,0.2054168608904854
6,9qtqjj,qtqtkk,121012101313,prime,exact,exact,0.0187691243694503,0.0187691243694503,0.0187691243694503,0.510505976983572,0.510505976983572,0.510505976983572
6,9qtqjj,qtqtkj,121012101311,prime,exact,exact,0.02260587705355367,0.02260587705355367,0.02260587705355367,0.5196154151289276,0.5196154151289276,0.5196154151289276
6,9qtqjj,qtttjj,121010101111,prime,exact,exact,0.004977018142376234,0.004977018142376234,0.004977018142376234,0.2669617914087568,0.2669617914087568,0.2669617914087568
6,9qtqjj,jjkjkj,111113111311,prime,exact,exact,0.0007229989317937492,0.0007229989317937492,0.0007229989317937492,0.06175803623336238,0.06175803623336238,0.06175803623336238
6,9qtqjj,tjtttk,101110101013,prime,exact,exact,0.004190754828652165,0.004190754828652165,0.004190754828652165,0.20052860325123512,0.20052860325123512,0.20052860325123512
6,9qtqjj,9kkqjk,91313121113,prime,exact,exact,0.028478023938780482,0.028478023938780482,0.028478023938780482,0.6017308123307671,0.6017308123307671,0.6017308123307671
6,9qtqjj,9kkjjj,91313111111,prime,exact,exact,0.006810506628692957,0.006810506628692957,0.006810506628692957,0.27774305921181236,0.27774305921181236,0.27774305921181236
6,9qtqjj,9kktqk,91313101213,prime,exact,exact,0.0359556718052003,0.0359556718052003,0.0359556718052003,0.6402488037245261,0.6402488037245261,0.6402488037245261
6,9qtqjj,9kqktj,91312131011,prime,exact,exact,0.07078179011520598,0.07078179011520598,0.07078179011520598,0.7885403604146315,0.7885403604146315,0.7885403604146315
6,9qtqjj,9kqqkj,91312121311,prime,exact,exact,0.02667363540527037,0.02667363540527037,0.02667363540527037,0.5688632182297564,0.5688632182297564,0.5688632182297564
6,9qtqjj,9kqqjj,91312121111,prime,exact,exact,0.013987791067039693,0.013987791067039693,0.013987791067039693,0.3990674993848261,0.3990674993848261,0.3990674993848261
6,9qtqjj,9ktqtj,91310121011,prime,exact,exact,0.05587212050794325,0.05587212050794325,0.05587212050794325,0.721226569832634,0.721226569832634,0.721226569832634
6,9qtqjj,9kttqk,91310101213,prime,exact,exact,0.04655925491401665,0.04655925491401665,0.04655925491401665,0.7100810471870853,0.7100810471870853,0.7100810471870853
6,9qtqjj,9qkkkk,91213131313,prime,exact,exact,0.009110713356175108,0.009110713356175108,0.009110713356175108,0.3517360014497724,0.3517360014497724,0.3517360014497724
6,9qtqjj,9qkqtj,91213121011,prime,exact,exact,0.040706508770134216,0.040706508770134216,0.040706508770134216,0.6197142739435619,0.6197142739435619,0.6197142739435619
6,9qtqjj,9qqqjj,91212121111,prime,exact,exact,0.0018435090373051454,0.0018435090373051454,0.0018435090373051454,0.132645566885332,0.132645566885332,0.132645566885332
6,9qtqjj,9qqttj,91212101011,prime,exact,exact,0.017317079098487696,0.017317079098487696,0.017317079098487696,0.48466860614889423,0.48466860614889423,0.48466860614889423
6,9qtqjj,9qjjjk,91211111113,prime,exact,exact,0.008189281163634774,0.008189281163634774,0.008189281163634774,0.2830711056430942,0.2830711056430942,0.2830711056430942
6,9qtqjj,9qjjjj,91211111111,prime,exact,exact,0.0006199371182012296,0.0006199371182012296,0.0006199371182012296,0.05478859045973924,0.05478859045973924,0.05478859045973924
6,9qtqjj,9qjjtj,91211111011,prime,exact,exact,0.006817378862840294,0.006817378862840294,0.006817378862840294,0.2699093031890927,0.2699093031890927,0.2699093031890927
6,9jkjtk,kkkktj,131313131011,prime,exact,exact,0.0007048581249255937,0.0007048581249255937,0.0007048581249255937,0.05884275005091795,0.05884275005091795,0.05884275005091795
6,9jkjtk,kkkqqj,131313121211,prime,exact,exact,0.005760452007613738,0.005760452007613738,0.005760452007613738,0.2619410207612136,0.2619410207612136,0.2619410207612136
6,9jkjtk,kkkttj,131313101011,prime,exact,exact,0.003465284236696602,0.003465284236696602,0.003465284236696602,0.2054168608904854,0.2054168608904854,0.2054168608904854
6,9jkjtk,kkqqqj,131312121211,prime,exact,exact,0.011016661872137954,0.011016661872137954,0.011016661872137954,0.4119162988136329,0.4119162988136329,0.4119162988136329
6,9jkjtk,kkqqtj,131312121011,prime,exact,exact,0.029468185929739116,0.029468185929739116,0.029468185929739116,0.588795754684178,0.588795754684178,0.588795754684178
6,9jkjtk,kkqjjj,131312111111,prime,exact,exact,0.0025077341957343503,0.0025077341957343503,0.0025077341957343503,0.14840681998934976,0.14840681998934976,0.14840681998934976
6,9jkjtk,kkqtjj,131312101111,prime,exact,exact,0.015528821121376381,0.015528821121376381,0.015528821121376381,0.41592279874716337,0.41592279874716337,0.41592279874716337
6,9jkjtk,kkjkjk,131311131113,prime,exact,exact,0.00015156351544684827,0.00015156351544684827,0.00015156351544684827,0.022077752083424232,0.022077752083424232,0.022077752083424232
6,9jkjtk,kkjqkj,131311121311,prime,exact,exact,0.0025077341957343503,0.0025077341957343503,0.0025077341957343503,0.14840681998934976,0.14840681998934976,0.14840681998934976
6,9jkjtk,kqkktk,131213131013,prime,exact,exact,0.0011895345665358433,0.0011895345665358433,0.0011895345665358433,0.07319832594931858,0.07319832594931858,0.07319832594931858
6,9jkjtk,kqtqkk,131210121313,prime,exact,exact,0.00763409662714078,0.00763409662714078,0.00763409662714078,0.29274293335552554,0.29274293335552554,0.29274293335552554
6,9jkjtk,kqtttk,131210101013,prime,exact,exact,0.007734032747686297,0.007734032747686297,0.007734032747686297,0.30653900988557825,0.30653900988557825,0.30653900988557825
6,9jkjtk,kjjjtj,131111111011,prime,exact,exact,0.0007048581249255937,0.0007048581249255937,0.0007048581249255937,0.05884275005091795,0.05884275005091795,0.05884275005091795
6,9jkjtk,kjjtkk,131111101313,prime,exact,exact,0.0020744890434713404,0.0020744890434713404,0.0020744890434713404,0.14063272350283126,0.14063272350283126,0.14063272350283126
6,9jkjtk,kjtqtj,131110121011,prime,exact,exact,0.02260587705355367,0.02260587705355367,0.02260587705355367,0.5196154151289276,0.5196154151289276,0.5196154151289276
6,9jkjtk,ktqktk,131012131013,prime,exact,exact,0.005548987111866317,0.005548987111866317,0.005548987111866317,0.24234381920144824,0.24234381920144824,0.24234381920144824
6,9jkjtk,ktttjj,131010101111,prime,exact,exact,0.004977018142376234,0.004977018142376234,0.004977018142376234,0.2669617914087568,0.2669617914087568,0.2669617914087568
6,9jkjtk,ktqqqj,131012121211,prime,exact,exact,0.031381309113818964,0.031381309113818964,0.031381309113818964,0.6207653491096303,0.6207653491096303,0.6207653491096303
6,9jkjtk,ktjjqj,131011111211,prime,exact,exact,0.00917641322005892,0.00917641322005892,0.00917641322005892,0.2982795073256713,0.2982795073256713,0.2982795073256713
6,9jkjtk,kttjkj,131010111311,prime,exact,exact,0.006292226640317514,0.006292226640317514,0.006292226640317514,0.3082616789933863,0.3082616789933863,0.3082616789933863
6,9jkjtk,qkkkqk,121313131213,prime,exact,exact,0.0007229989317937492,0.0007229989317937492,0.0007229989317937492,0.06175803623336238,0.06175803623336238,0.06175803623336238
6,9jkjtk,qkqqjj,121312121111,prime,exact,exact,0.011016661872137954,0.011016661872137954,0.011016661872137954,0.4119162988136329,0.4119162988136329,0.4119162988136329
6,9jkjtk,qqqttj,121212101011,prime,exact,exact,0.020176702234270164,0.020176702234270164,0.020176702234270164,0.5447237804583238,0.5447237804583238,0.5447237804583238
6,9jkjtk,qqjqtj,121211121011,prime,exact,exact,0.014167535706778027,0.014167535706778027,0.014167535706778027,0.4467819436622613,0.4467819436622613,0.4467819436622613
6,9jkjtk,qqtjjj,121210111111,prime,exact,exact,0.00763409662714078,0.00763409662714078,0.00763409662714078,0.29274293335552554,0.29274293335552554,0.29274293335552554
6,9jkjtk,qqtttj,121210101011,prime,exact,exact,0.01530878971176522,0.01530878971176522,0.01530878971176522,0.4578246943533387,0.4578246943533387,0.4578246943533387
6,9jkjtk,qjqjkj,121112111311,prime,exact,exact,0.005760452007613738,0.005760452007613738,0.005760452007613738,0.2619410207612136,0.2619410207612136,0.2619410207612136
6,9jkjtk,qjjjqj,121111111211,prime,exact,exact,0.0007229989317937492,0.0007229989317937492,0.0007229989317937492,0.06175803623336238,0.06175803623336238,0.06175803623336238
6,9jkjtk,qjjttj,121111101011,prime,exact,exact,0.005548987111866317,0.005548987111866317,0.005548987111866317,0.24234381920144824,0.24234381920144824,0.24234381920144824
6,9jkjtk,qtqtkk,121012101313,prime,exact,exact,0.0187691243694503,0.0187691243694503,0.0187691243694503,0.510505976983572,0.510505976983572,0.510505976983572
6,9jkjtk,qtqtkj,121012101311,prime,exact,exact,0.04076713600986187,0.04076713600986187,0.04076713600986187,0.6906445879182966,0.6906445879182966,0.6906445879182966
6,9jkjtk,qtttjj,121010101111,prime,exact,exact,0.007734032747686297,0.007734032747686297,0.007734032747686297,0.30653900988557825,0.30653900988557825,0.30653900988557825
6,9jkjtk,jjkjkj,111113111311,prime,exact,exact,0.00015156351544684827,0.00015156351544684827,0.00015156351544684827,0.022077752083424232,0.022077752083424232,0.022077752083424232
6,9jkjtk,tjtttk,101110101013,prime,exact,exact,0.0026035959104592117,0.0026035959104592117,0.0026035959104592117,0.16897578360992996,0.16897578360992996,0.16897578360992996
6,9jkjtk,9kkqjk,91313121113,prime,exact,exact,0.008189281163634774,0.008189281163634774,0.008189281163634774,0.2830711056430942,0.2830711056430942,0.2830711056430942
6,9jkjtk,9kkjjj,91313111111,prime,exact,exact,0.0018435090373051454,0.0018435090373051454,0.0018435090373051454,0.132645566885332,0.132645566885332,0.132645566885332
6,9jkjtk,9kktqk,91313101213,prime,exact,exact,0.010823652069459181,0.010823652069459181,0.010823652069459181,0.31566873239660775,0.31566873239660775,0.31566873239660775
6,9jkjtk,9kqktj,91312131011,prime,exact,exact,0.040706508770134216,0.040706508770134216,0.040706508770134216,0.6197142739435619,0.6197142739435619,0.6197142739435619
6,9jkjtk,9kqqkj,91312121311,prime,exact,exact,0.02667363540527037,0.02667363540527037,0.02667363540527037,0.5688632182297564,0.5688632182297564,0.5688632182297564
6,9jkjtk,9kqqjj,91312121111,prime,exact,exact,0.02667363540527037,0.02667363540527037,0.02667363540527037,0.5688632182297564,0.5688632182297564,0.5688632182297564
6,9jkjtk,9ktqtj,91310121011,prime,exact,exact,0.05587212050794325,0.05587212050794325,0.05587212050794325,0.721226569832634,0.721226569832634,0.721226569832634
6,9jkjtk,9kttqk,91310101213,prime,exact,exact,0.026088213925633753,0.026088213925633753,0.026088213925633753,0.5395788321348929,0.5395788321348929,0.5395788321348929
6,9jkjtk,9qkkkk,91213131313,prime,exact,exact,0.00104689819599401,0.00104689819599401,0.00104689819599401,0.06822396525395139,0.06822396525395139,0.06822396525395139
6,9jkjtk,9qkqtj,91213121011,prime,exact,exact,0.07078179011520598,0.07078179011520598,0.07078179011520598,0.7885403604146315,0.7885403604146315,0.7885403604146315
6,9jkjtk,9qqqjj,91212121111,prime,exact,exact,0.012781841438220181,0.012781841438220181,0.012781841438220181,0.429693265877768,0.429693265877768,0.429693265877768
6,9jkjtk,9qqttj,91212101011,prime,exact,exact,0.04655925491401665,0.04655925491401665,0.04655925491401665,0.7100810471870853,0.7100810471870853,0.7100810471870853
6,9jkjtk,9qjjjk,91211111113,prime,exact,exact,0.008189281163634774,0.008189281163634774,0.008189281163634774,0.2830711056430942,0.2830711056430942,0.2830711056430942
6,9jkjtk,9qjjjj,91211111111,prime,exact,exact,0.00104689819599401,0.00104689819599401,0.00104689819599401,0.06822396525395139,0.06822396525395139,0.06822396525395139
6,9jkjtk,9qjjtj,91211111011,prime,exact,exact,0.010823652069459181,0.010823652069459181,0.010823652069459181,0.31566873239660775,0.31566873239660775,0.31566873239660775
6,9jkjtk,9qtqjj,91210121111,prime,exact,exact,0.03391140990938553,0.03391140990938553,0.03391140990938553,0.6096392042750481,0.6096392042750481,0.6096392042750481
6,9tqttk,kkkktj,131313131011,prime,exact,exact,0.0025077341957343503,0.0025077341957343503,0.0025077341957343503,0.14840681998934976,0.14840681998934976,0.14840681998934976
6,9tqttk,kkkqqj,131313121211,prime,exact,exact,0.01493626452402392,0.01493626452402392,0.01493626452402392,0.431763802722396,0.431763802722396,0.431763802722396
6,9tqttk,kkkttj,131313101011,prime,exact,exact,0.0025077341957343503,0.0025077341957343503,0.0025077341957343503,0.14840681998934976,0.14840681998934976,0.14840681998934976
6,9tqttk,kkqqqj,131312121211,prime,exact,exact,0.01493626452402392,0.01493626452402392,0.01493626452402392,0.431763802722396,0.431763802722396,0.431763802722396
6,9tqttk,kkqqtj,131312121011,prime,exact,exact,0.027387169661543663,0.027387169661543663,0.027387169661543663,0.5720532822869383,0.5720532822869383,0.5720532822869383
6,9tqttk,kkqjjj,131312111111,prime,exact,exact,0.025599241228077173,0.025599241228077173,0.025599241228077173,0.5823501129797216,0.5823501129797216,0.5823501129797216
6,9tqttk,kkqtjj,131312101111,prime,exact,exact,0.03537671529844666,0.03537671529844666,0.03537671529844666,0.6412834923291806,0.6412834923291806,0.6412834923291806
6,9tqttk,kkjkjk,131311131113,prime,exact,exact,0.0034804015757533982,0.0034804015757533982,0.0034804015757533982,0.19650904199968294,0.19650904199968294,0.19650904199968294
6,9tqttk,kkjqkj,131311121311,prime,exact,exact,0.01966052392583127,0.01966052392583127,0.01966052392583127,0.4957013292237342,0.4957013292237342,0.4957013292237342
6,9tqttk,kqkktk,131213131013,prime,exact,exact,0.0020744890434713404,0.0020744890434713404,0.0020744890434713404,0.14063272350283126,0.14063272350283126,0.14063272350283126
6,9tqttk,kqtqkk,131210121313,prime,exact,exact,0.006292226640317514,0.006292226640317514,0.006292226640317514,0.3082616789933863,0.3082616789933863,0.3082616789933863
6,9tqttk,kqtttk,131210101013,prime,exact,exact,0.0010253457129296756,0.0010253457129296756,0.0010253457129296756,0.07860191195415245,0.07860191195415245,0.07860191195415245
6,9tqttk,kjjjtj,131111111011,prime,exact,exact,0.006493376175296769,0.006493376175296769,0.006493376175296769,0.29417112911157156,0.29417112911157156,0.29417112911157156
6,9tqttk,kjjtkk,131111101313,prime,exact,exact,0.009974810434553097,0.009974810434553097,0.009974810434553097,0.3743414991287935,0.3743414991287935,0.3743414991287935
6,9tqttk,kjtqtj,131110121011,prime,exact,exact,0.016309273634556497,0.016309273634556497,0.016309273634556497,0.42142660068300014,0.42142660068300014,0.42142660068300014
6,9tqttk,ktqktk,131012131013,prime,exact,exact,0.0020744890434713404,0.0020744890434713404,0.0020744890434713404,0.14063272350283126,0.14063272350283126,0.14063272350283126
6,9tqttk,ktttjj,131010101111,prime,exact,exact,0.0018224741088421594,0.0018224741088421594,0.0018224741088421594,0.10775477377859681,0.10775477377859681,0.10775477377859681
6,9tqttk,ktqqqj,131012121211,prime,exact,exact,0.015528821121376381,0.015528821121376381,0.015528821121376381,0.41592279874716337,0.41592279874716337,0.41592279874716337
6,9tqttk,ktjjqj,131011111211,prime,exact,exact,0.027061693182144707,0.027061693182144707,0.027061693182144707,0.5711539511715166,0.5711539511715166,0.5711539511715166
6,9tqttk,kttjkj,131010111311,prime,exact,exact,0.0075426973568861605,0.0075426973568861605,0.0075426973568861605,0.3123106875801147,0.3123106875801147,0.3123106875801147
6,9tqttk,qkkkqk,121313131213,prime,exact,exact,0.0020775125112826994,0.0020775125112826994,0.0020775125112826994,0.15245582857607815,0.15245582857607815,0.15245582857607815
6,9tqttk,qkqqjj,121312121111,prime,exact,exact,0.01966052392583127,0.01966052392583127,0.01966052392583127,0.4957013292237342,0.4957013292237342,0.4957013292237342
6,9tqttk,qqqttj,121212101011,prime,exact,exact,0.0025077341957343503,0.0025077341957343503,0.0025077341957343503,0.14840681998934976,0.14840681998934976,0.14840681998934976
6,9tqttk,qqjqtj,121211121011,prime,exact,exact,0.009974810434553097,0.009974810434553097,0.009974810434553097,0.3743414991287935,0.3743414991287935,0.3743414991287935
6,9tqttk,qqtjjj,121210111111,prime,exact,exact,0.013518136858418428,0.013518136858418428,0.013518136858418428,0.46034244151090437,0.46034244151090437,0.46034244151090437
6,9tqttk,qqtttj,121210101011,prime,exact,exact,0.001257441330213431,0.001257441330213431,0.001257441330213431,0.08394660328863392,0.08394660328863392,0.08394660328863392
6,9tqttk,qjqjkj,121112111311,prime,exact,exact,0.025599241228077173,0.025599241228077173,0.025599241228077173,0.5823501129797216,0.5823501129797216,0.5823501129797216
6,9tqttk,qjjjqj,121111111211,prime,exact,exact,0.006292226640317514,0.006292226640317514,0.006292226640317514,0.3082616789933863,0.3082616789933863,0.3082616789933863
6,9tqttk,qjjttj,121111101011,prime,exact,exact,0.00547962520325278,0.00547962520325278,0.00547962520325278,0.26113121904386793,0.26113121904386793,0.26113121904386793
6,9tqttk,qtqtkk,121012101313,prime,exact,exact,0.004571873455654092,0.004571873455654092,0.004571873455654092,0.2472026295055223,0.2472026295055223,0.2472026295055223
6,9tqttk,qtqtkj,121012101311,prime,exact,exact,0.011969471282991896,0.011969471282991896,0.011969471282991896,0.35384211671149257,0.35384211671149257,0.35384211671149257
6,9tqttk,qtttjj,121010101111,prime,exact,exact,0.0018224741088421594,0.0018224741088421594,0.0018224741088421594,0.10775477377859681,0.10775477377859681,0.10775477377859681
6,9tqttk,jjkjkj,111113111311,prime,exact,exact,0.006292226640317514,0.006292226640317514,0.006292226640317514,0.3082616789933863,0.3082616789933863,0.3082616789933863
6,9tqttk,tjtttk,101110101013,prime,exact,exact,0.0,0.0,0.0,0.0,0.0,0.0
6,9tqttk,9kkqjk,91313121113,prime,exact,exact,0.02732929477922917,0.02732929477922917,0.02732929477922917,0.5245921355992889,0.5245921355992889,0.5245921355992889
6,9tqttk,9kkjjj,91313111111,prime,exact,exact,0.023212629580555845,0.023212629580555845,0.023212629580555845,0.5637886241393442,0.5637886241393442,0.5637886241393442
6,9tqttk,9kktqk,91313101213,prime,exact,exact,0.01180014422367922,0.01180014422367922,0.01180014422367922,0.38446971772138483,0.38446971772138483,0.38446971772138483
6,9tqttk,9kqktj,91312131011,prime,exact,exact,0.048647465416697566,0.048647465416697566,0.048647465416697566,0.6722429540446865,0.6722429540446865,0.6722429540446865
6,9tqttk,9kqqkj,91312121311,prime,exact,exact,0.0458056934657856,0.0458056934657856,0.0458056934657856,0.6808020978805887,0.6808020978805887,0.6808020978805887
6,9tqttk,9kqqjj,91312121111,prime,exact,exact,0.058202105281933196,0.058202105281933196,0.058202105281933196,0.7482011673763239,0.7482011673763239,0.7482011673763239
6,9tqttk,9ktqtj,91310121011,prime,exact,exact,0.022958024058990657,0.022958024058990657,0.022958024058990657,0.4513991454352544,0.4513991454352544,0.4513991454352544
6,9tqttk,9kttqk,91310101213,prime,exact,exact,0.008927529957559709,0.008927529957559709,0.008927529957559709,0.32161956612830556,0.32161956612830556,0.32161956612830556
6,9tqttk,9qkkkk,91213131313,prime,exact,exact,0.0041221124515987565,0.0041221124515987565,0.0041221124515987565,0.20274907629826908,0.20274907629826908,0.20274907629826908
6,9tqttk,9qkqtj,91213121011,prime,exact,exact,0.048647465416697566,0.048647465416697566,0.048647465416697566,0.6722429540446865,0.6722429540446865,0.6722429540446865
6,9tqttk,9qqqjj,91212121111,prime,exact,exact,0.01774569777052525,0.01774569777052525,0.01774569777052525,0.47709452208181935,0.47709452208181935,0.47709452208181935
6,9tqttk,9qqttj,91212101011,prime,exact,exact,0.010698980621385416,0.010698980621385416,0.010698980621385416,0.3365505444727187,0.3365505444727187,0.3365505444727187
6,9tqttk,9qjjjk,91211111113,prime,exact,exact,0.04519263840540736,0.04519263840540736,0.04519263840540736,0.6786853071525489,0.6786853071525489,0.6786853071525489
6,9tqttk,9qjjjj,91211111111,prime,exact,exact,0.01180014422367922,0.01180014422367922,0.01180014422367922,0.38446971772138483,0.38446971772138483,0.38446971772138483
6,9tqttk,9qjjtj,91211111011,prime,exact,exact,0.024516228617761617,0.024516228617761617,0.024516228617761617,0.5522135435081698,0.5522135435081698,0.5522135435081698
6,9tqttk,9qtqjj,91210121111,prime,exact,exact,0.03210133426071858,0.03210133426071858,0.03210133426071858,0.6214771772446188,0.6214771772446188,0.6214771772446188
6,9tqttk,9jkjtk,91113111013,prime,exact,exact,0.03210133426071858,0.03210133426071858,0.03210133426071858,0.6214771772446188,0.6214771772446188,0.6214771772446188
6,9tttkk,kkkktj,131313131011,prime,exact,exact,0.0004720511034509303,0.0004720511034509303,0.0004720511034509303,0.04183691398665874,0.04183691398665874,0.04183691398665874
6,9tttkk,kkkqqj,131313121211,prime,exact,exact,0.009163583301038981,0.009163583301038981,0.009163583301038981,0.30675986489939977,0.30675986489939977,0.30675986489939977
6,9tttkk,kkkttj,131313101011,prime,exact,exact,0.0004720511034509303,0.0004720511034509303,0.0004720511034509303,0.04183691398665874,0.04183691398665874,0.04183691398665874
6,9tttkk,kkqqqj,131312121211,prime,exact,exact,0.016730082317606396,0.016730082317606396,0.016730082317606396,0.46216817629182916,0.46216817629182916,0.46216817629182916
6,9tttkk,kkqqtj,131312121011,prime,exact,exact,0.02318560373188619,0.02318560373188619,0.02318560373188619,0.5122547687274235,0.5122547687274235,0.5122547687274235
6,9tttkk,kkqjjj,131312111111,prime,exact,exact,0.016730082317606396,0.016730082317606396,0.016730082317606396,0.46216817629182916,0.46216817629182916,0.46216817629182916
6,9tttkk,kkqtjj,131312101111,prime,exact,exact,0.02318560373188619,0.02318560373188619,0.02318560373188619,0.5122547687274235,0.5122547687274235,0.5122547687274235
6,9tttkk,kkjkjk,131311131113,prime,exact,exact,0.0007229989317937492,0.0007229989317937492,0.0007229989317937492,0.06175803623336238,0.06175803623336238,0.06175803623336238
6,9tttkk,kkjqkj,131311121311,prime,exact,exact,0.009163583301038981,0.009163583301038981,0.009163583301038981,0.30675986489939977,0.30675986489939977,0.30675986489939977
6,9tttkk,kqkktk,131213131013,prime,exact,exact,0.0004720511034509303,0.0004720511034509303,0.0004720511034509303,0.04183691398665874,0.04183691398665874,0.04183691398665874
6,9tttkk,kqtqkk,131210121313,prime,exact,exact,0.0034804015757533982,0.0034804015757533982,0.0034804015757533982,0.19650904199968294,0.19650904199968294,0.19650904199968294
6,9tttkk,kqtttk,131210101013,prime,exact,exact,0.0004720511034509303,0.0004720511034509303,0.0004720511034509303,0.04183691398665874,0.04183691398665874,0.04183691398665874
6,9tttkk,kjjjtj,131111111011,prime,exact,exact,0.004977018142376234,0.004977018142376234,0.004977018142376234,0.2669617914087568,0.2669617914087568,0.2669617914087568
6,9tttkk,kjjtkk,131111101313,prime,exact,exact,0.0034804015757533982,0.0034804015757533982,0.0034804015757533982,0.19650904199968294,0.19650904199968294,0.19650904199968294
6,9tttkk,kjtqtj,131110121011,prime,exact,exact,0.014844961285511712,0.014844961285511712,0.014844961285511712,0.3977362195337421,0.3977362195337421,0.3977362195337421
6,9tttkk,ktqktk,131012131013,prime,exact,exact,0.0004720511034509303,0.0004720511034509303,0.0004720511034509303,0.04183691398665874,0.04183691398665874,0.04183691398665874
6,9tttkk,ktttjj,131010101111,prime,exact,exact,0.0013246690262542428,0.0013246690262542428,0.0013246690262542428,0.09269246183596723,0.09269246183596723,0.09269246183596723
6,9tttkk,ktqqqj,131012121211,prime,exact,exact,0.02501362518962866,0.02501362518962866,0.02501362518962866,0.5490095551190093,0.5490095551190093,0.5490095551190093
6,9tttkk,ktjjqj,131011111211,prime,exact,exact,0.02501362518962866,0.02501362518962866,0.02501362518962866,0.5490095551190093,0.5490095551190093,0.5490095551190093
6,9tttkk,kttjkj,131010111311,prime,exact,exact,0.0034804015757533982,0.0034804015757533982,0.0034804015757533982,0.19650904199968294,0.19650904199968294,0.19650904199968294
6,9tttkk,qkkkqk,121313131213,prime,exact,exact,0.0007229989317937492,0.0007229989317937492,0.0007229989317937492,0.06175803623336238,0.06175803623336238,0.06175803623336238
6,9tttkk,qkqqjj,121312121111,prime,exact,exact,0.030507301603571856,0.030507301603571856,0.030507301603571856,0.6267346089240587,0.6267346089240587,0.6267346089240587
6,9tttkk,qqqttj,121212101011,prime,exact,exact,0.006582431045376805,0.006582431045376805,0.006582431045376805,0.2738524678399891,0.2738524678399891,0.2738524678399891
6,9tttkk,qqjqtj,121211121011,prime,exact,exact,0.020765146678090596,0.020765146678090596,0.020765146678090596,0.5394968784645472,0.5394968784645472,0.5394968784645472
6,9tttkk,qqtjjj,121210111111,prime,exact,exact,0.020765146678090596,0.020765146678090596,0.020765146678090596,0.5394968784645472,0.5394968784645472,0.5394968784645472
6,9tttkk,qqtttj,121210101011,prime,exact,exact,0.002231806379324419,0.002231806379324419,0.002231806379324419,0.11486630522365066,0.11486630522365066,0.11486630522365066
6,9tttkk,qjqjkj,121112111311,prime,exact,exact,0.030507301603571856,0.030507301603571856,0.030507301603571856,0.6267346089240587,0.6267346089240587,0.6267346089240587
6,9tttkk,qjjjqj,121111111211,prime,exact,exact,0.009974810434553097,0.009974810434553097,0.009974810434553097,0.3743414991287935,0.3743414991287935,0.3743414991287935
6,9tttkk,qjjttj,121111101011,prime,exact,exact,0.006582431045376805,0.006582431045376805,0.006582431045376805,0.2738524678399891,0.2738524678399891,0.2738524678399891
6,9tttkk,qtqtkk,121012101313,prime,exact,exact,0.0034804015757533982,0.0034804015757533982,0.0034804015757533982,0.19650904199968294,0.19650904199968294,0.19650904199968294
6,9tttkk,qtqtkj,121012101311,prime,exact,exact,0.014844961285511712,0.014844961285511712,0.014844961285511712,0.3977362195337421,0.3977362195337421,0.3977362195337421
6,9tttkk,qtttjj,121010101111,prime,exact,exact,0.002231806379324419,0.002231806379324419,0.002231806379324419,0.11486630522365066,0.11486630522365066,0.11486630522365066
6,9tttkk,jjkjkj,111113111311,prime,exact,exact,0.003135726245258442,0.003135726245258442,0.003135726245258442,0.2091419487902755,0.2091419487902755,0.2091419487902755
6,9tttkk,tjtttk,101110101013,prime,exact,exact,0.0,0.0,0.0,0.0,0.0,0.0
6,9tttkk,9kkqjk,91313121113,prime,exact,exact,0.012961578644670929,0.012961578644670929,0.012961578644670929,0.33037952988315145,0.33037952988315145,0.33037952988315145
6,9tttkk,9kkjjj,91313111111,prime,exact,exact,0.012781841438220181,0.012781841438220181,0.012781841438220181,0.429693265877768,0.429693265877768,0.429693265877768
6,9tttkk,9kktqk,91313101213,prime,exact,exact,0.004965736526339463,0.004965736526339463,0.004965736526339463,0.21324116857036776,0.21324116857036776,0.21324116857036776
6,9tttkk,9kqktj,91312131011,prime,exact,exact,0.032137302538980894,0.032137302538980894,0.032137302538980894,0.5414980619691564,0.5414980619691564,0.5414980619691564
6,9tttkk,9kqqkj,91312121311,prime,exact,exact,0.03973468126515099,0.03973468126515099,0.03973468126515099,0.6270677065498235,0.6270677065498235,0.6270677065498235
6,9tttkk,9kqqjj,91312121111,prime,exact,exact,0.06841889037642478,0.06841889037642478,0.06841889037642478,0.7921818976056352,0.7921818976056352,0.7921818976056352
6,9tttkk,9ktqtj,91310121011,prime,exact,exact,0.02090753544676326,0.02090753544676326,0.02090753544676326,0.42645242695592445,0.42645242695592445,0.42645242695592445
6,9tttkk,9kttqk,91310101213,prime,exact,exact,0.004965736526339463,0.004965736526339463,0.004965736526339463,0.21324116857036776,0.21324116857036776,0.21324116857036776
6,9tttkk,9qkkkk,91213131313,prime,exact,exact,0.00104689819599401,0.00104689819599401,0.00104689819599401,0.06822396525395139,0.06822396525395139,0.06822396525395139
6,9tttkk,9qkqtj,91213121011,prime,exact,exact,0.057742064953871984,0.057742064953871984,0.057742064953871984,0.7200208586029934,0.7200208586029934,0.7200208586029934
6,9tttkk,9qqqjj,91212121111,prime,exact,exact,0.034924274327560983,0.034924274327560983,0.034924274327560983,0.6460159488269457,0.6460159488269457,0.6460159488269457
6,9tttkk,9qqttj,91212101011,prime,exact,exact,0.01743432875166461,0.01743432875166461,0.01743432875166461,0.41904160818489217,0.41904160818489217,0.41904160818489217
6,9tttkk,9qjjjk,91211111113,prime,exact,exact,0.041969513211017107,0.041969513211017107,0.041969513211017107,0.6565427389044597,0.6565427389044597,0.6565427389044597
6,9tttkk,9qjjjj,91211111111,prime,exact,exact,0.013987791067039693,0.013987791067039693,0.013987791067039693,0.3990674993848261,0.3990674993848261,0.3990674993848261
6,9tttkk,9qjjtj,91211111011,prime,exact,exact,0.02877075128979118,0.02877075128979118,0.02877075128979118,0.5685889666538395,0.5685889666538395,0.5685889666538395
6,9tttkk,9qtqjj,91210121111,prime,exact,exact,0.04813352092951474,0.04813352092951474,0.04813352092951474,0.7088313879196064,0.7088313879196064,0.7088313879196064
6,9tttkk,9jkjtk,91113111013,prime,exact,exact,0.01774569777052525,0.01774569777052525,0.01774569777052525,0.47709452208181935,0.47709452208181935,0.47709452208181935
6,9tttkk,9tqttk,91012101013,prime,exact,exact,0.001914004432825848,0.001914004432825848,0.001914004432825848,0.10210189833921346,0.10210189833921346,0.10210189833921346
